"Fecha","Último","Apertura","Máximo","Mínimo","Vol.","% var."
"30.09.2022","1.225,00","1.225,00","1.265,00","1.223,00","2,55M","0,00%"
"29.09.2022","1.225,00","1.269,90","1.278,90","1.206,00","4,24M","-2,00%"
"28.09.2022","1.250,00","1.260,00","1.267,00","1.215,10","4,44M","-0,79%"
"27.09.2022","1.260,00","1.275,10","1.291,00","1.242,00","7,82M","-0,10%"
"26.09.2022","1.261,20","1.345,00","1.345,00","1.261,20","3,68M","-4,82%"
"23.09.2022","1.325,00","1.315,00","1.340,00","1.292,50","1,89M","0,76%"
"22.09.2022","1.315,00","1.277,10","1.318,00","1.277,10","1,32M","1,94%"
"21.09.2022","1.290,00","1.261,10","1.298,70","1.230,00","2,04M","2,30%"
"20.09.2022","1.261,00","1.325,00","1.340,00","1.261,00","5,47M","-5,90%"
"15.09.2022","1.340,00","1.325,00","1.350,00","1.325,00","3,69M","1,52%"
"14.09.2022","1.320,00","1.324,90","1.350,10","1.310,00","5,59M","-0,37%"
"13.09.2022","1.324,90","1.332,10","1.363,00","1.315,00","3,94M","-3,29%"
"12.09.2022","1.370,00","1.350,00","1.377,00","1.320,00","3,49M","1,48%"
"09.09.2022","1.350,00","1.295,00","1.350,00","1.271,10","6,20M","4,25%"
"08.09.2022","1.295,00","1.308,00","1.308,00","1.274,00","2,53M","-1,15%"
"07.09.2022","1.310,00","1.348,00","1.370,00","1.301,10","4,58M","-2,82%"
"06.09.2022","1.348,00","1.371,00","1.414,00","1.312,10","6,90M","-2,32%"
"05.09.2022","1.380,00","1.400,00","1.430,00","1.339,90","5,62M","6,07%"
"02.09.2022","1.301,00","1.255,00","1.380,00","1.255,00","6,92M","3,91%"
"01.09.2022","1.252,00","1.268,00","1.282,00","1.252,00","8,19M","-0,08%"
"31.08.2022","1.253,00","1.320,00","1.335,00","1.253,00","16,00M","-6,49%"
"30.08.2022","1.340,00","1.306,10","1.343,00","1.285,00","4,57M","2,68%"
"29.08.2022","1.305,00","1.263,90","1.318,10","1.253,20","9,05M","3,08%"
"26.08.2022","1.266,00","1.242,00","1.285,00","1.238,10","8,09M","1,28%"
"25.08.2022","1.250,00","1.230,00","1.259,00","1.225,30","4,81M","1,63%"
"24.08.2022","1.230,00","1.230,00","1.235,00","1.222,10","7,53M","-0,40%"
"23.08.2022","1.235,00","1.220,30","1.243,90","1.220,30","9,80M","1,20%"
"22.08.2022","1.220,30","1.196,00","1.238,90","1.196,00","2,95M","2,03%"
"19.08.2022","1.196,00","1.210,00","1.218,90","1.180,00","6,38M","-1,16%"
"18.08.2022","1.210,00","1.210,00","1.233,20","1.180,00","8,27M","-0,72%"
"17.08.2022","1.218,80","1.195,00","1.219,00","1.184,10","67,25M","2,09%"
"16.08.2022","1.193,80","1.215,90","1.215,90","1.170,30","9,00M","-0,52%"
"12.08.2022","1.200,00","1.215,00","1.231,80","1.200,00","4,89M","-2,76%"
"11.08.2022","1.234,00","1.231,00","1.237,70","1.210,10","3,73M","0,49%"
"10.08.2022","1.228,00","1.255,00","1.265,00","1.228,00","2,40M","-1,37%"
"09.08.2022","1.245,00","1.240,00","1.247,00","1.227,10","3,96M","0,48%"
"08.08.2022","1.239,00","1.234,70","1.248,90","1.226,10","5,15M","0,34%"
"05.08.2022","1.234,80","1.222,00","1.243,90","1.222,00","4,78M","0,39%"
"04.08.2022","1.230,00","1.224,80","1.239,00","1.217,00","8,38M","0,42%"
"03.08.2022","1.224,80","1.229,50","1.229,50","1.207,30","9,74M","0,64%"
"02.08.2022","1.217,00","1.225,00","1.230,10","1.203,20","2,51M","-1,06%"
"01.08.2022","1.230,00","1.232,00","1.244,10","1.220,00","5,13M","-0,08%"
"29.07.2022","1.231,00","1.215,00","1.231,00","1.209,40","5,00M","0,65%"
"28.07.2022","1.223,00","1.232,00","1.245,00","1.215,00","4,59M","-1,13%"
"27.07.2022","1.237,00","1.230,00","1.247,90","1.219,60","1,36M","0,57%"
"26.07.2022","1.230,00","1.240,00","1.248,90","1.220,00","2,97M","-0,81%"
"25.07.2022","1.240,00","1.263,90","1.269,90","1.239,70","1,84M","-1,98%"
"22.07.2022","1.265,00","1.260,10","1.269,90","1.246,40","3,02M","0,40%"
"21.07.2022","1.260,00","1.210,00","1.285,00","1.210,00","9,38M","4,13%"
"20.07.2022","1.210,00","1.215,00","1.240,00","1.210,00","5,44M","-0,41%"
"19.07.2022","1.215,00","1.210,10","1.217,40","1.202,00","4,12M","0,41%"
"18.07.2022","1.210,00","1.248,00","1.269,90","1.206,50","5,40M","-3,04%"
"15.07.2022","1.248,00","1.253,10","1.270,00","1.230,10","4,50M","-0,41%"
"14.07.2022","1.253,10","1.228,00","1.265,00","1.228,00","4,88M","1,06%"
"13.07.2022","1.240,00","1.214,00","1.254,90","1.210,00","2,57M","1,22%"
"12.07.2022","1.225,00","1.230,60","1.239,00","1.215,00","3,24M","-1,45%"
"11.07.2022","1.243,00","1.249,00","1.259,00","1.222,00","2,46M","0,65%"
"08.07.2022","1.235,00","1.230,00","1.240,00","1.216,00","2,70M","1,14%"
"07.07.2022","1.221,10","1.190,00","1.237,90","1.181,00","17,21M","2,58%"
"06.07.2022","1.190,40","1.194,10","1.209,90","1.171,00","3,23M","0,03%"
"05.07.2022","1.190,00","1.189,00","1.208,90","1.172,10","3,97M","0,08%"
"04.07.2022","1.189,00","1.196,00","1.219,00","1.175,00","1,63M","-0,59%"
"01.07.2022","1.196,00","1.188,00","1.208,00","1.173,10","2,67M","2,40%"
"30.06.2022","1.168,00","1.190,00","1.197,10","1.162,00","4,73M","-2,59%"
"29.06.2022","1.199,00","1.200,00","1.239,00","1.194,00","6,58M","-0,08%"
"28.06.2022","1.200,00","1.215,20","1.238,00","1.172,10","6,78M","0,00%"
"24.06.2022","1.200,00","1.175,00","1.200,00","1.150,00","12,60M","3,36%"
"23.06.2022","1.161,00","1.211,10","1.230,00","1.160,10","8,58M","-4,60%"
"22.06.2022","1.217,00","1.235,00","1.247,90","1.200,00","5,42M","-1,46%"
"20.06.2022","1.235,00","1.270,00","1.270,00","1.219,90","3,15M","-0,80%"
"17.06.2022","1.245,00","1.255,60","1.270,10","1.230,10","9,45M","-0,80%"
"16.06.2022","1.255,00","1.280,00","1.280,00","1.225,00","3,55M","-3,09%"
"15.06.2022","1.295,00","1.305,50","1.319,90","1.285,10","4,57M","-0,77%"
"14.06.2022","1.305,00","1.329,90","1.329,90","1.293,00","6,91M","-1,51%"
"13.06.2022","1.325,00","1.343,90","1.344,90","1.310,00","4,96M","-1,85%"
"10.06.2022","1.350,00","1.311,00","1.360,00","1.309,90","3,45M","3,03%"
"09.06.2022","1.310,30","1.322,90","1.329,90","1.310,30","6,31M","-0,36%"
"08.06.2022","1.315,00","1.306,00","1.334,00","1.306,00","5,12M","0,77%"
"07.06.2022","1.305,00","1.290,00","1.322,10","1.290,00","9,55M","0,65%"
"06.06.2022","1.296,60","1.295,30","1.317,00","1.287,30","4,19M","0,12%"
"03.06.2022","1.295,00","1.297,00","1.309,00","1.286,00","4,80M","-0,01%"
"02.06.2022","1.295,10","1.300,10","1.317,90","1.288,00","3,39M","-0,38%"
"01.06.2022","1.300,10","1.305,00","1.325,00","1.290,20","6,14M","-1,54%"
"31.05.2022","1.320,40","1.305,10","1.324,00","1.273,00","18,46M","1,18%"
"30.05.2022","1.305,00","1.310,10","1.325,10","1.299,90","3,26M","0,54%"
"27.05.2022","1.298,00","1.299,90","1.304,00","1.293,90","4,96M","0,31%"
"26.05.2022","1.294,00","1.296,00","1.309,00","1.286,10","5,58M","0,70%"
"25.05.2022","1.285,00","1.277,10","1.304,90","1.277,10","7,82M","0,63%"
"24.05.2022","1.277,00","1.285,00","1.339,90","1.245,80","8,58M","-0,08%"
"23.05.2022","1.278,00","1.276,00","1.304,50","1.272,10","4,55M","0,29%"
"20.05.2022","1.274,30","1.275,10","1.296,90","1.270,00","10,99M","-0,05%"
"19.05.2022","1.275,00","1.277,00","1.310,00","1.270,00","5,43M","-0,16%"
"18.05.2022","1.277,00","1.310,00","1.319,00","1.290,00","3,04M","-2,82%"
"17.05.2022","1.314,00","1.300,00","1.316,80","1.300,00","3,46M","1,86%"
"16.05.2022","1.290,00","1.310,10","1.314,00","1.278,10","4,34M","0,16%"
"13.05.2022","1.288,00","1.288,00","1.319,00","1.285,00","4,23M","1,02%"
"12.05.2022","1.275,00","1.322,00","1.322,00","1.249,80","4,48M","-1,92%"
"11.05.2022","1.300,00","1.396,00","1.400,00","1.300,00","4,50M","-4,55%"
"10.05.2022","1.362,00","1.320,00","1.369,00","1.320,00","6,82M","3,26%"
"09.05.2022","1.319,00","1.343,00","1.357,40","1.311,10","1,65M","-1,86%"
"06.05.2022","1.344,00","1.370,00","1.370,00","1.340,00","7,03M","-0,88%"
"05.05.2022","1.356,00","1.380,00","1.380,00","1.352,00","1,42M","-1,02%"
"04.05.2022","1.370,00","1.365,00","1.393,70","1.364,90","3,44M","0,37%"
"03.05.2022","1.365,00","1.353,80","1.380,80","1.335,50","1,92M","1,09%"
"02.05.2022","1.350,30","1.344,00","1.364,70","1.320,00","1,23M","-1,08%"
"29.04.2022","1.365,00","1.363,00","1.396,90","1.351,00","1,72M","0,81%"
"28.04.2022","1.354,00","1.394,23","1.407,21","1.352,54","2,75M","-10,10%"
"27.04.2022","1.506,10","1.462,00","1.531,00","1.462,00","6,08M","3,15%"
"26.04.2022","1.460,10","1.455,20","1.480,00","1.455,00","2,41M","0,34%"
"25.04.2022","1.455,10","1.470,00","1.479,00","1.450,00","2,66M","-0,95%"
"22.04.2022","1.469,00","1.463,00","1.484,70","1.455,00","2,12M","-0,07%"
"21.04.2022","1.470,00","1.505,00","1.505,00","1.453,00","2,06M","-2,00%"
"20.04.2022","1.500,00","1.490,00","1.510,50","1.482,00","4,95M","0,67%"
"19.04.2022","1.490,00","1.490,00","1.519,00","1.471,20","4,00M","0,82%"
"18.04.2022","1.477,90","1.516,00","1.516,00","1.474,00","1,74M","-1,60%"
"14.04.2022","1.502,00","1.500,00","1.506,00","1.486,20","1,92M","0,47%"
"13.04.2022","1.495,00","1.503,00","1.523,00","1.490,10","1,11M","-0,40%"
"12.04.2022","1.501,00","1.549,90","1.549,90","1.500,00","5,28M","-2,21%"
"11.04.2022","1.534,90","1.519,90","1.534,90","1.501,00","1,09M","0,98%"
"08.04.2022","1.520,00","1.511,00","1.539,90","1.505,00","2,91M","0,93%"
"07.04.2022","1.506,00","1.545,00","1.550,00","1.506,00","2,69M","-1,50%"
"06.04.2022","1.528,90","1.530,00","1.537,20","1.510,10","2,72M","-0,33%"
"05.04.2022","1.533,90","1.539,90","1.547,80","1.520,00","4,07M","-0,40%"
"04.04.2022","1.540,00","1.578,00","1.578,00","1.540,00","1,47M","-0,01%"
"01.04.2022","1.540,20","1.550,00","1.569,00","1.532,00","2,16M","-0,63%"
"31.03.2022","1.550,00","1.560,00","1.570,00","1.534,70","1,30M","-0,64%"
"30.03.2022","1.560,00","1.569,80","1.579,00","1.520,00","3,65M","-0,63%"
"29.03.2022","1.569,90","1.563,20","1.584,10","1.562,90","1,18M","-0,58%"
"28.03.2022","1.579,00","1.551,10","1.594,70","1.551,10","1,86M","2,00%"
"25.03.2022","1.548,00","1.521,00","1.570,00","1.521,00","3,89M","0,52%"
"24.03.2022","1.540,00","1.520,10","1.549,80","1.520,10","10,83M","1,32%"
"23.03.2022","1.520,00","1.535,00","1.539,90","1.500,30","5,91M","-0,78%"
"22.03.2022","1.532,00","1.531,00","1.555,00","1.531,00","8,74M","0,13%"
"21.03.2022","1.530,00","1.560,00","1.578,00","1.521,10","5,30M","-1,92%"
"18.03.2022","1.560,00","1.561,00","1.580,00","1.546,20","14,24M","-0,06%"
"17.03.2022","1.561,00","1.540,00","1.579,90","1.526,00","6,24M","1,36%"
"16.03.2022","1.540,00","1.487,00","1.540,00","1.487,00","6,69M","3,84%"
"15.03.2022","1.483,00","1.467,10","1.505,00","1.460,00","5,87M","2,78%"
"14.03.2022","1.442,90","1.464,90","1.476,00","1.441,10","3,82M","-1,71%"
"11.03.2022","1.468,00","1.408,80","1.468,00","1.408,80","5,30M","3,93%"
"10.03.2022","1.412,50","1.409,90","1.415,00","1.378,50","3,30M","0,18%"
"09.03.2022","1.409,90","1.416,90","1.428,00","1.400,10","2,42M","-0,63%"
"08.03.2022","1.418,80","1.426,00","1.432,00","1.377,40","3,15M","-0,44%"
"07.03.2022","1.425,00","1.457,90","1.470,00","1.405,20","3,04M","-2,26%"
"04.03.2022","1.458,00","1.430,10","1.474,80","1.430,10","2,43M","2,75%"
"03.03.2022","1.419,00","1.427,90","1.429,40","1.411,00","1,97M","0,28%"
"02.03.2022","1.415,00","1.424,00","1.437,90","1.415,00","3,56M","0,27%"
"01.03.2022","1.411,20","1.464,30","1.468,60","1.411,00","3,38M","-4,00%"
"28.02.2022","1.470,00","1.415,10","1.470,00","1.415,10","6,17M","1,17%"
"25.02.2022","1.453,00","1.447,00","1.463,00","1.403,80","2,96M","0,28%"
"24.02.2022","1.449,00","1.367,00","1.449,00","1.312,10","4,15M","3,35%"
"23.02.2022","1.402,00","1.430,00","1.447,80","1.381,00","2,09M","-2,57%"
"22.02.2022","1.439,00","1.456,90","1.461,00","1.410,00","1,46M","-1,57%"
"21.02.2022","1.462,00","1.494,90","1.494,90","1.452,50","946,94K","0,41%"
"18.02.2022","1.456,00","1.464,90","1.469,90","1.442,10","1,53M","0,07%"
"17.02.2022","1.455,00","1.470,10","1.473,80","1.442,90","2,16M","-2,02%"
"16.02.2022","1.485,00","1.446,00","1.485,00","1.430,70","9,21M","2,85%"
"15.02.2022","1.443,90","1.460,00","1.483,90","1.435,10","5,02M","-0,76%"
"14.02.2022","1.455,00","1.453,00","1.464,90","1.435,00","2,31M","0,34%"
"11.02.2022","1.450,00","1.451,00","1.488,90","1.446,30","2,81M","0,00%"
"10.02.2022","1.450,00","1.470,10","1.470,10","1.436,00","5,29M","-1,36%"
"09.02.2022","1.470,00","1.498,00","1.505,90","1.442,10","6,62M","-1,93%"
"08.02.2022","1.499,00","1.460,50","1.500,00","1.444,10","5,09M","2,64%"
"07.02.2022","1.460,50","1.455,30","1.473,00","1.432,00","1,40M","0,38%"
"04.02.2022","1.455,00","1.483,60","1.500,00","1.455,00","1,66M","-1,93%"
"03.02.2022","1.483,60","1.492,00","1.494,70","1.475,90","2,09M","-0,56%"
"02.02.2022","1.492,00","1.488,10","1.499,90","1.479,00","3,21M","0,34%"
"01.02.2022","1.486,90","1.490,00","1.499,10","1.480,00","4,11M","0,81%"
"31.01.2022","1.474,90","1.507,00","1.519,90","1.472,30","6,91M","-2,07%"
"28.01.2022","1.506,00","1.490,00","1.525,00","1.490,00","13,89M","1,07%"
"27.01.2022","1.490,00","1.459,00","1.499,00","1.459,00","1,51M","0,34%"
"26.01.2022","1.485,00","1.450,10","1.528,00","1.450,10","3,45M","2,48%"
"25.01.2022","1.449,00","1.429,00","1.469,00","1.414,00","2,56M","1,40%"
"24.01.2022","1.429,00","1.460,30","1.460,30","1.413,90","3,15M","-3,12%"
"21.01.2022","1.475,00","1.395,10","1.488,90","1.395,10","8,73M","7,74%"
"20.01.2022","1.369,00","1.372,10","1.392,00","1.351,00","4,60M","-0,08%"
"19.01.2022","1.370,10","1.395,00","1.415,00","1.364,90","7,04M","-1,78%"
"18.01.2022","1.395,00","1.395,00","1.404,90","1.380,10","2,79M","-0,36%"
"17.01.2022","1.400,00","1.396,00","1.400,00","1.380,60","690,99K","0,29%"
"14.01.2022","1.396,00","1.390,00","1.396,00","1.375,00","2,16M","0,43%"
"13.01.2022","1.390,00","1.400,00","1.424,80","1.378,20","4,50M","-0,71%"
"12.01.2022","1.400,00","1.367,90","1.419,00","1.367,90","5,88M","2,19%"
"11.01.2022","1.370,00","1.376,30","1.386,90","1.361,00","26,83M","0,74%"
"10.01.2022","1.360,00","1.345,00","1.399,00","1.325,10","6,04M","1,12%"
"07.01.2022","1.345,00","1.361,10","1.377,00","1.315,90","3,09M","-1,10%"
"06.01.2022","1.360,00","1.369,90","1.395,90","1.360,00","5,48M","-1,81%"
"05.01.2022","1.385,00","1.385,00","1.399,00","1.352,00","5,60M","-0,29%"
"04.01.2022","1.389,00","1.379,90","1.408,50","1.352,00","2,11M","0,65%"
"03.01.2022","1.380,00","1.425,00","1.444,90","1.380,00","2,15M","-3,16%"
"30.12.2021","1.425,00","1.389,00","1.430,00","1.380,00","3,02M","3,37%"
"29.12.2021","1.378,60","1.346,40","1.390,30","1.340,70","2,65M","1,37%"
"28.12.2021","1.360,00","1.340,00","1.374,80","1.326,00","3,43M","1,49%"
"27.12.2021","1.340,00","1.350,00","1.350,00","1.320,00","1,79M","-1,46%"
"24.12.2021","1.359,90","1.325,10","1.360,00","1.325,10","457,61K","2,64%"
"23.12.2021","1.324,90","1.270,00","1.349,00","1.270,00","4,39M","4,32%"
"22.12.2021","1.270,00","1.270,00","1.277,10","1.261,10","5,25M","-0,70%"
"21.12.2021","1.279,00","1.300,00","1.313,00","1.261,20","5,08M","0,71%"
"20.12.2021","1.270,00","1.205,00","1.306,00","1.200,00","5,08M","-5,22%"
"17.12.2021","1.340,00","1.338,90","1.340,00","1.298,00","7,22M","0,08%"
"16.12.2021","1.338,90","1.320,00","1.370,00","1.305,10","9,02M","2,68%"
"15.12.2021","1.303,90","1.257,90","1.310,00","1.232,00","15,33M","3,66%"
"14.12.2021","1.257,90","1.307,90","1.307,90","1.250,00","4,08M","-3,83%"
"13.12.2021","1.308,00","1.302,00","1.319,90","1.282,00","15,97M","-1,65%"
"10.12.2021","1.330,00","1.340,10","1.340,10","1.307,00","3,03M","-0,75%"
"09.12.2021","1.340,00","1.300,00","1.378,10","1.295,10","8,11M","4,10%"
"07.12.2021","1.287,20","1.292,10","1.329,90","1.287,20","2,65M","-0,29%"
"06.12.2021","1.291,00","1.317,00","1.354,90","1.257,00","2,01M","-2,93%"
"03.12.2021","1.330,00","1.315,00","1.356,20","1.287,00","2,80M","2,85%"
"02.12.2021","1.293,20","1.230,20","1.313,00","1.230,20","2,89M","2,71%"
"01.12.2021","1.259,10","1.292,00","1.329,00","1.250,00","7,18M","-4,61%"
"30.11.2021","1.320,00","1.267,00","1.320,00","1.202,00","17,78M","3,94%"
"29.11.2021","1.270,00","1.302,00","1.302,00","1.219,90","3,34M","-2,31%"
"26.11.2021","1.300,00","1.310,00","1.329,90","1.277,20","1,90M","-1,66%"
"25.11.2021","1.322,00","1.325,00","1.360,10","1.322,00","1,53M","-2,00%"
"24.11.2021","1.349,00","1.340,00","1.370,00","1.335,10","5,20M","0,67%"
"23.11.2021","1.340,00","1.351,00","1.398,00","1.310,00","16,76M","-0,74%"
"22.11.2021","1.350,00","1.282,00","1.439,90","1.273,10","16,45M","15,38%"
"19.11.2021","1.170,00","1.180,00","1.213,90","1.161,00","8,02M","-0,85%"
"18.11.2021","1.180,00","1.185,10","1.234,50","1.171,00","14,24M","-2,66%"
"17.11.2021","1.212,30","1.177,00","1.212,30","1.164,90","3,92M","3,17%"
"16.11.2021","1.175,00","1.231,60","1.239,90","1.170,10","9,39M","-5,55%"
"15.11.2021","1.244,00","1.273,90","1.273,90","1.244,00","10,13M","-1,43%"
"12.11.2021","1.262,00","1.272,00","1.300,00","1.257,00","17,66M","1,61%"
"11.11.2021","1.242,00","1.255,00","1.267,60","1.232,30","10,84M","-1,04%"
"10.11.2021","1.255,00","1.242,10","1.275,00","1.232,00","14,33M","1,53%"
"09.11.2021","1.236,10","1.230,00","1.290,00","1.210,00","17,02M","0,49%"
"08.11.2021","1.230,10","1.243,00","1.263,00","1.220,00","6,19M","-0,81%"
"05.11.2021","1.240,10","1.264,50","1.297,90","1.227,00","8,60M","-0,86%"
"04.11.2021","1.250,90","1.227,50","1.279,00","1.222,00","9,57M","3,54%"
"03.11.2021","1.208,10","1.220,20","1.249,40","1.192,00","12,56M","0,00%"
"02.11.2021","1.208,10","1.190,00","1.229,90","1.180,40","7,98M","1,52%"
"29.10.2021","1.190,00","1.190,00","1.204,90","1.175,10","4,43M","0,00%"
"28.10.2021","1.190,00","1.200,00","1.228,60","1.181,20","5,00M","-0,17%"
"27.10.2021","1.192,00","1.252,30","1.259,90","1.188,00","5,77M","-3,86%"
"26.10.2021","1.239,90","1.228,00","1.275,00","1.210,50","11,48M","3,08%"
"25.10.2021","1.202,90","1.187,10","1.230,00","1.187,00","12,99M","1,34%"
"22.10.2021","1.187,00","1.193,80","1.205,70","1.175,00","11,28M","0,42%"
"21.10.2021","1.182,00","1.170,20","1.194,00","1.160,00","10,18M","1,90%"
"20.10.2021","1.160,00","1.160,50","1.173,90","1.150,00","6,36M","-0,04%"
"19.10.2021","1.160,50","1.189,00","1.199,90","1.152,00","3,72M","-2,40%"
"18.10.2021","1.189,00","1.199,90","1.237,00","1.171,20","5,14M","-0,92%"
"15.10.2021","1.200,00","1.229,00","1.238,20","1.190,90","7,87M","-0,17%"
"14.10.2021","1.202,00","1.225,10","1.237,90","1.172,00","2,37M","-0,66%"
"13.10.2021","1.210,00","1.249,00","1.289,70","1.199,00","3,10M","-3,66%"
"12.10.2021","1.256,00","1.281,53","1.291,65","1.255,15","3,86M","-15,70%"
"11.10.2021","1.490,00","1.490,00","1.490,00","1.490,00","","17,52%"
"08.10.2021","1.267,91","1.242,38","1.284,93","1.230,47","2,62M","3,09%"
"07.10.2021","1.229,88","1.285,78","1.312,08","1.209,20","3,70M","-3,39%"
"06.10.2021","1.273,02","1.264,51","1.292,59","1.238,13","1,18M","0,67%"
"05.10.2021","1.264,51","1.297,70","1.302,04","1.250,89","3,54M","-2,37%"
"04.10.2021","1.295,14","1.291,74","1.323,22","1.290,04","2,11M","0,26%"
"01.10.2021","1.291,74","1.334,29","1.334,29","1.286,63","2,55M","-3,19%"
"30.09.2021","1.334,29","1.323,74","1.334,29","1.318,97","6,38M","0,97%"
"29.09.2021","1.321,52","1.293,44","1.326,63","1.291,57","6,33M","2,17%"
"28.09.2021","1.293,44","1.284,93","1.301,95","1.276,42","3,48M","0,93%"
"27.09.2021","1.281,53","1.284,93","1.297,70","1.270,38","3,94M","6,06%"
"24.09.2021","1.208,35","1.212,60","1.216,77","1.200,77","1,48M","-0,01%"
"23.09.2021","1.208,52","1.208,35","1.223,66","1.201,54","2,14M","0,01%"
"22.09.2021","1.208,35","1.187,92","1.211,75","1.187,92","2,97M","1,79%"
"21.09.2021","1.187,07","1.180,35","1.212,52","1.180,35","2,31M","0,76%"
"20.09.2021","1.178,14","1.201,54","1.201,71","1.168,44","2,38M","-17,43%"
"17.09.2021","1.426,80","1.426,80","1.426,80","1.426,80","","17,52%"
"16.09.2021","1.214,13","1.208,35","1.214,13","1.178,73","5,41M","1,91%"
"15.09.2021","1.191,33","1.191,33","1.213,37","1.182,90","4,11M","-0,71%"
"14.09.2021","1.199,84","1.206,82","1.229,62","1.199,84","1,24M","-2,69%"
"13.09.2021","1.233,02","1.216,09","1.233,02","1.205,79","1,34M","0,63%"
"10.09.2021","1.225,37","1.233,88","1.233,88","1.212,69","1,25M","0,07%"
"09.09.2021","1.224,52","1.191,24","1.224,52","1.170,05","2,34M","2,79%"
"08.09.2021","1.191,33","1.196,43","1.199,84","1.182,99","1,95M","-0,43%"
"07.09.2021","1.196,43","1.240,68","1.240,68","1.195,75","2,44M","-2,77%"
"06.09.2021","1.230,47","1.229,96","1.252,60","1.229,54","793,86K","-0,96%"
"03.09.2021","1.242,38","1.210,05","1.258,47","1.208,43","4,39M","2,67%"
"02.09.2021","1.210,05","1.212,60","1.221,11","1.198,14","1,74M","-0,21%"
"01.09.2021","1.212,60","1.242,38","1.242,38","1.199,84","987,48K","-2,40%"
"31.08.2021","1.242,38","1.244,85","1.266,38","1.233,96","2,93M","-1,20%"
"30.08.2021","1.257,45","1.250,89","1.274,72","1.244,09","1,77M","-0,02%"
"27.08.2021","1.257,70","1.263,66","1.284,00","1.252,60","1,08M","-0,21%"
"26.08.2021","1.260,34","1.258,55","1.276,42","1.246,64","1,63M","0,14%"
"25.08.2021","1.258,55","1.192,18","1.258,55","1.192,18","1,86M","3,43%"
"24.08.2021","1.216,86","1.216,86","1.224,86","1.199,75","5,38M","-0,55%"
"23.08.2021","1.223,58","1.216,94","1.233,88","1.209,28","796,13K","0,62%"
"20.08.2021","1.216,01","1.208,35","1.232,17","1.208,26","1,07M","0,63%"
"19.08.2021","1.208,35","1.205,71","1.215,92","1.191,41","3,50M","0,08%"
"18.08.2021","1.207,41","1.226,30","1.233,88","1.195,58","7,68M","-0,78%"
"17.08.2021","1.216,94","1.259,40","1.263,91","1.216,94","3,51M","-3,37%"
"16.08.2021","1.259,40","1.278,04","1.278,04","1.218,56","2,98M","-0,47%"
"13.08.2021","1.265,36","1.258,55","1.293,44","1.247,49","4,06M","2,48%"
"12.08.2021","1.234,73","1.207,24","1.237,96","1.207,24","3,28M","2,16%"
"11.08.2021","1.208,60","1.174,31","1.212,52","1.174,31","3,78M","2,92%"
"10.08.2021","1.174,31","1.135,25","1.190,31","1.131,76","4,60M","3,57%"
"09.08.2021","1.133,80","1.157,29","1.157,29","1.131,76","3,45M","-1,30%"
"06.08.2021","1.148,78","1.161,54","1.185,37","1.136,10","1,77M","-1,03%"
"05.08.2021","1.160,69","1.124,10","1.187,07","1.124,10","6,20M","2,17%"
"04.08.2021","1.136,02","1.145,38","1.157,29","1.124,10","1,53M","-0,82%"
"03.08.2021","1.145,38","1.191,33","1.191,33","1.145,38","2,66M","-2,68%"
"02.08.2021","1.176,95","1.182,82","1.204,01","1.163,25","4,13M","0,49%"
"30.07.2021","1.171,25","1.193,88","1.196,43","1.171,25","3,24M","-1,90%"
"29.07.2021","1.193,88","1.191,33","1.206,39","1.191,33","1,90M","0,21%"
"28.07.2021","1.191,33","1.199,84","1.208,26","1.179,84","2,75M","-0,71%"
"27.07.2021","1.199,84","1.182,82","1.202,39","1.182,82","6,17M","0,71%"
"26.07.2021","1.191,33","1.197,80","1.206,65","1.177,37","4,61M","-0,36%"
"23.07.2021","1.195,58","1.204,94","1.204,94","1.176,86","1,22M","-0,70%"
"22.07.2021","1.204,01","1.191,33","1.216,01","1.183,67","2,10M","0,35%"
"21.07.2021","1.199,84","1.216,43","1.221,11","1.191,33","4,87M","-0,70%"
"20.07.2021","1.208,35","1.225,45","1.259,40","1.191,33","2,73M","-1,39%"
"19.07.2021","1.225,37","1.208,35","1.240,68","1.208,35","4,74M","4,35%"
"15.07.2021","1.174,31","1.155,59","1.178,56","1.148,53","3,74M","1,55%"
"14.07.2021","1.156,44","1.153,04","1.172,44","1.142,91","2,08M","0,30%"
"13.07.2021","1.153,04","1.170,14","1.170,91","1.144,53","1,24M","-1,95%"
"12.07.2021","1.176,01","1.180,27","1.188,26","1.162,40","1,58M","-0,35%"
"09.07.2021","1.180,10","1.155,59","1.193,03","1.155,59","2,56M","2,14%"
"08.07.2021","1.155,33","1.114,74","1.181,12","1.114,74","3,24M","1,70%"
"07.07.2021","1.136,02","1.157,38","1.165,54","1.116,44","6,01M","-1,84%"
"06.07.2021","1.157,29","1.191,33","1.191,33","1.157,29","4,19M","-2,86%"
"05.07.2021","1.191,33","1.217,03","1.217,28","1.182,82","2,82M","-2,10%"
"02.07.2021","1.216,86","1.250,04","1.250,81","1.209,20","2,12M","-2,72%"
"01.07.2021","1.250,89","1.250,89","1.255,15","1.239,15","1,43M","0,61%"
"30.06.2021","1.243,32","1.259,40","1.274,64","1.243,32","5,31M","-0,61%"
"29.06.2021","1.250,89","1.244,09","1.256,51","1.216,86","5,19M","0,55%"
"25.06.2021","1.244,09","1.288,85","1.296,85","1.236,43","7,88M","-3,18%"
"24.06.2021","1.284,93","1.272,17","1.291,74","1.268,00","4,72M","1,00%"
"23.06.2021","1.272,17","1.263,74","1.302,04","1.259,32","5,12M","0,67%"
"22.06.2021","1.263,74","1.253,36","1.275,57","1.191,41","3,73M","0,75%"
"18.06.2021","1.254,30","1.234,98","1.259,40","1.233,88","7,50M","0,55%"
"17.06.2021","1.247,49","1.259,40","1.269,62","1.246,72","3,55M","-0,87%"
"16.06.2021","1.258,47","1.259,40","1.283,06","1.233,88","4,20M","-0,01%"
"15.06.2021","1.258,55","1.267,91","1.276,42","1.238,13","4,03M","-0,07%"
"14.06.2021","1.259,40","1.251,06","1.275,32","1.250,89","5,47M","2,21%"
"11.06.2021","1.232,17","1.221,11","1.241,53","1.211,75","4,59M","1,84%"
"10.06.2021","1.209,88","1.217,79","1.238,13","1.190,48","6,38M","0,13%"
"09.06.2021","1.208,35","1.198,99","1.221,03","1.174,48","4,65M","1,79%"
"08.06.2021","1.187,07","1.165,80","1.208,35","1.164,95","9,29M","1,82%"
"07.06.2021","1.165,80","1.212,60","1.223,66","1.158,14","5,03M","-3,86%"
"04.06.2021","1.212,60","1.182,82","1.216,86","1.171,76","8,68M","1,06%"
"03.06.2021","1.199,92","1.272,17","1.276,59","1.183,75","8,39M","-5,48%"
"02.06.2021","1.269,53","1.276,42","1.290,89","1.253,45","6,20M","-0,87%"
"01.06.2021","1.280,68","1.284,93","1.293,44","1.235,66","7,25M","0,00%"
"31.05.2021","1.280,68","1.208,43","1.280,68","1.208,35","7,16M","6,74%"
"28.05.2021","1.199,84","1.193,29","1.242,38","1.190,48","4,13M","2,47%"
"27.05.2021","1.170,91","1.162,40","1.188,69","1.148,78","10,40M","2,30%"
"26.05.2021","1.144,53","1.108,79","1.161,63","1.108,79","12,39M","3,46%"
"25.05.2021","1.106,23","1.073,13","1.130,06","1.067,09","6,34M","3,59%"
"24.05.2021","1.067,94","1.099,00","1.110,49","1.063,69","9,20M","-1,62%"
"20.05.2021","1.085,56","1.090,92","1.105,98","1.057,05","18,11M","0,85%"
"19.05.2021","1.076,45","1.110,49","1.113,04","1.068,37","15,23M","-3,07%"
"18.05.2021","1.110,49","1.165,88","1.170,05","1.072,20","10,94M","-1,94%"
"17.05.2021","1.132,44","1.238,13","1.238,13","1.106,23","5,98M","-12,83%"
"14.05.2021","1.299,06","1.276,42","1.305,36","1.271,32","4,24M","2,45%"
"13.05.2021","1.268,00","1.268,76","1.285,02","1.250,89","4,80M","0,14%"
"12.05.2021","1.266,21","1.289,19","1.293,36","1.255,15","2,45M","-2,17%"
"11.05.2021","1.294,29","1.263,66","1.294,29","1.259,40","2,80M","2,01%"
"10.05.2021","1.268,76","1.261,62","1.276,42","1.259,40","1,83M","0,68%"
"07.05.2021","1.260,25","1.292,59","1.292,59","1.256,09","4,13M","-2,57%"
"06.05.2021","1.293,44","1.327,56","1.327,56","1.284,93","4,20M","-2,56%"
"05.05.2021","1.327,39","1.314,72","1.335,99","1.310,46","10,43M","1,30%"
"04.05.2021","1.310,38","1.318,97","1.318,97","1.280,76","3,54M","0,98%"
"03.05.2021","1.297,70","1.289,19","1.310,21","1.265,36","4,36M","3,35%"
"30.04.2021","1.255,57","1.276,34","1.301,27","1.255,15","7,42M","0,03%"
"29.04.2021","1.255,15","1.303,65","1.310,46","1.235,58","5,09M","-1,80%"
"28.04.2021","1.278,12","1.328,25","1.349,88","1.261,33","3,16M","-3,59%"
"27.04.2021","1.325,74","1.370,02","1.377,12","1.320,14","12,19M","-2,64%"
"26.04.2021","1.361,66","1.370,02","1.390,82","1.361,66","3,93M","0,12%"
"23.04.2021","1.359,99","1.349,05","1.374,11","1.319,89","5,07M","1,22%"
"22.04.2021","1.343,62","1.378,37","1.390,90","1.304,02","4,82M","-1,39%"
"21.04.2021","1.362,50","1.415,88","1.415,88","1.362,50","3,88M","-4,00%"
"20.04.2021","1.419,30","1.416,80","1.419,30","1.385,05","3,57M","0,18%"
"19.04.2021","1.416,80","1.404,35","1.420,14","1.387,56","3,06M","0,89%"
"16.04.2021","1.404,35","1.399,25","1.409,36","1.380,79","2,75M","0,79%"
"15.04.2021","1.393,41","1.376,62","1.410,95","1.365,09","3,18M","1,09%"
"14.04.2021","1.378,37","1.364,17","1.378,37","1.358,32","54,35M","3,13%"
"13.04.2021","1.336,60","1.357,49","1.371,69","1.336,60","3,42M","-1,54%"
"12.04.2021","1.357,49","1.340,78","1.361,66","1.328,41","2,94M","1,57%"
"09.04.2021","1.336,52","1.316,55","1.337,44","1.316,55","2,45M","1,70%"
"08.04.2021","1.314,13","1.296,59","1.344,95","1.296,59","7,31M","1,49%"
"07.04.2021","1.294,83","1.261,42","1.300,68","1.261,42","7,19M","2,89%"
"06.04.2021","1.258,49","1.258,08","1.286,48","1.258,08","3,56M","0,10%"
"05.04.2021","1.257,24","1.256,41","1.261,25","1.240,62","2,45M","0,54%"
"01.04.2021","1.250,47","1.299,43","1.299,43","1.236,36","8,53M","-2,81%"
"31.03.2021","1.286,56","1.324,66","1.334,85","1.286,56","3,93M","-1,90%"
"30.03.2021","1.311,54","1.331,59","1.335,77","1.287,65","3,19M","0,06%"
"29.03.2021","1.310,70","1.324,91","1.353,14","1.278,21","10,60M","1,23%"
"26.03.2021","1.294,83","1.248,89","1.294,83","1.248,89","5,65M","4,38%"
"25.03.2021","1.240,53","1.264,76","1.276,45","1.226,33","6,46M","-2,17%"
"24.03.2021","1.268,10","1.261,50","1.286,48","1.261,50","4,20M","0,52%"
"23.03.2021","1.261,50","1.244,71","1.277,21","1.233,85","8,54M","1,35%"
"22.03.2021","1.244,71","1.226,33","1.244,71","1.194,50","3,76M","2,38%"
"19.03.2021","1.215,72","1.227,92","1.227,92","1.195,00","7,92M","-1,00%"
"18.03.2021","1.228,00","1.236,36","1.248,89","1.217,98","2,65M","-0,68%"
"17.03.2021","1.236,36","1.217,98","1.236,36","1.208,37","8,17M","1,44%"
"16.03.2021","1.218,81","1.223,91","1.227,84","1.204,61","2,02M","-0,08%"
"15.03.2021","1.219,82","1.219,65","1.236,36","1.212,97","1,60M","-0,26%"
"12.03.2021","1.222,99","1.190,41","1.228,00","1.165,35","4,38M","2,74%"
"11.03.2021","1.190,41","1.237,19","1.237,19","1.169,53","4,16M","-2,86%"
"10.03.2021","1.225,41","1.231,34","1.240,53","1.209,87","3,33M","-0,48%"
"09.03.2021","1.231,34","1.196,43","1.244,71","1.196,43","4,71M","3,00%"
"08.03.2021","1.195,42","1.219,65","1.219,65","1.186,48","1,67M","-1,99%"
"05.03.2021","1.219,65","1.215,64","1.238,03","1.162,01","3,74M","1,39%"
"04.03.2021","1.202,94","1.232,18","1.244,79","1.197,68","7,07M","-2,70%"
"03.03.2021","1.236,36","1.215,47","1.236,36","1.182,06","10,66M","1,72%"
"02.03.2021","1.215,47","1.177,88","1.215,47","1.169,44","2,37M","3,93%"
"01.03.2021","1.169,53","1.194,59","1.205,36","1.161,17","3,46M","-1,23%"
"26.02.2021","1.184,15","1.227,17","1.227,17","1.169,53","7,49M","-1,58%"
"25.02.2021","1.203,11","1.173,70","1.211,29","1.173,70","7,11M","2,80%"
"24.02.2021","1.170,36","1.169,53","1.197,93","1.162,01","3,42M","1,52%"
"23.02.2021","1.152,82","1.152,82","1.157,00","1.127,76","4,71M","0,73%"
"22.02.2021","1.144,46","1.169,53","1.181,22","1.144,46","1,75M","-2,14%"
"19.02.2021","1.169,53","1.142,79","1.186,23","1.142,79","2,38M","2,49%"
"18.02.2021","1.141,12","1.140,29","1.167,02","1.136,11","2,61M","0,07%"
"17.02.2021","1.140,29","1.169,53","1.177,88","1.106,04","3,41M","-2,50%"
"16.02.2021","1.169,53","1.162,84","1.188,74","1.151,15","2,89M","0,61%"
"15.02.2021","1.162,43","1.149,81","1.182,06","1.149,81","2,58M","0,11%"
"12.02.2021","1.161,17","1.151,98","1.167,86","1.147,81","1,75M","1,39%"
"11.02.2021","1.145,30","1.127,76","1.163,68","1.121,07","5,79M","1,56%"
"10.02.2021","1.127,76","1.144,38","1.144,38","1.121,07","2,90M","-1,45%"
"09.02.2021","1.144,38","1.101,86","1.144,38","1.094,34","5,28M","3,86%"
"08.02.2021","1.101,86","1.101,19","1.116,90","1.094,34","5,68M","1,07%"
"05.02.2021","1.090,25","1.123,58","1.123,58","1.088,49","2,06M","-1,50%"
"04.02.2021","1.106,87","1.102,61","1.121,91","1.102,61","4,67M","0,38%"
"03.02.2021","1.102,70","1.123,58","1.134,44","1.094,43","3,85M","-1,35%"
"02.02.2021","1.117,73","1.084,15","1.119,32","1.081,81","5,31M","3,64%"
"01.02.2021","1.078,47","1.081,81","1.102,45","1.044,22","9,64M","1,24%"
"29.01.2021","1.065,27","1.109,38","1.127,67","1.064,94","6,41M","-3,03%"
"28.01.2021","1.098,52","1.107,71","1.107,71","1.085,99","9,07M","-0,83%"
"27.01.2021","1.107,71","1.136,03","1.136,03","1.102,70","4,35M","-2,57%"
"26.01.2021","1.136,95","1.152,82","1.165,35","1.129,43","3,86M","-0,66%"
"25.01.2021","1.144,46","1.169,44","1.169,53","1.136,11","2,17M","-0,99%"
"22.01.2021","1.155,91","1.182,06","1.182,06","1.149,48","6,44M","-2,35%"
"21.01.2021","1.183,73","1.202,94","1.215,47","1.182,06","6,06M","-1,87%"
"20.01.2021","1.206,28","1.218,65","1.218,65","1.192,25","4,65M","-1,10%"
"19.01.2021","1.219,65","1.245,21","1.269,77","1.211,29","10,37M","-1,62%"
"18.01.2021","1.239,70","1.202,94","1.240,45","1.169,53","3,31M","3,06%"
"15.01.2021","1.202,94","1.242,20","1.242,20","1.202,94","2,02M","-1,84%"
"14.01.2021","1.225,50","1.197,93","1.232,18","1.197,93","2,93M","2,37%"
"13.01.2021","1.197,09","1.201,27","1.202,86","1.181,14","4,22M","-0,48%"
"12.01.2021","1.202,86","1.202,86","1.231,34","1.175,87","6,46M","-0,70%"
"11.01.2021","1.211,29","1.176,21","1.211,29","1.147,81","4,04M","2,84%"
"08.01.2021","1.177,88","1.157,91","1.177,88","1.127,76","8,35M","2,55%"
"07.01.2021","1.148,56","1.126,09","1.148,64","1.126,09","8,06M","2,60%"
"06.01.2021","1.119,40","1.115,23","1.126,75","1.103,11","7,84M","1,13%"
"05.01.2021","1.106,87","1.074,29","1.111,05","1.063,52","5,74M","3,03%"
"04.01.2021","1.074,29","1.065,10","1.090,17","1.065,02","2,57M","-15,08%"
"31.12.2020","1.265,00","1.265,00","1.265,00","1.265,00","","19,71%"
"30.12.2020","1.056,75","1.068,45","1.085,90","1.045,06","3,20M","-1,02%"
"29.12.2020","1.067,61","1.044,22","1.073,37","1.044,22","9,42M","2,32%"
"28.12.2020","1.043,38","1.048,23","1.060,84","1.035,95","5,00M","0,24%"
"24.12.2020","1.040,88","1.070,95","1.070,95","1.023,50","1,74M","-1,88%"
"23.12.2020","1.060,84","1.069,36","1.075,96","1.044,39","4,46M","-0,48%"
"22.12.2020","1.065,94","1.052,66","1.081,81","1.052,66","5,77M","1,35%"
"21.12.2020","1.051,74","1.052,57","1.052,57","1.027,51","6,41M","-1,64%"
"18.12.2020","1.069,28","1.073,46","1.094,34","1.056,92","5,88M","-0,39%"
"17.12.2020","1.073,46","1.069,28","1.090,17","1.050,07","14,39M","0,78%"
"16.12.2020","1.065,10","1.052,57","1.077,63","1.044,30","4,01M","2,08%"
"15.12.2020","1.043,38","1.052,57","1.070,12","1.035,87","4,55M","-0,72%"
"14.12.2020","1.050,90","1.060,93","1.073,54","1.050,90","4,06M","-1,33%"
"11.12.2020","1.065,10","1.082,65","1.098,52","1.056,75","4,02M","-1,54%"
"10.12.2020","1.081,81","1.111,05","1.131,93","1.071,79","6,49M","-2,63%"
"09.12.2020","1.111,05","1.102,61","1.127,76","1.098,44","8,68M","0,76%"
"07.12.2020","1.102,70","1.127,76","1.144,46","1.091,50","4,12M","-2,22%"
"04.12.2020","1.127,76","1.152,90","1.157,00","1.127,76","5,57M","-1,82%"
"03.12.2020","1.148,64","1.103,53","1.148,64","1.103,53","6,93M","3,38%"
"02.12.2020","1.111,05","1.098,52","1.116,81","1.094,34","4,92M","1,14%"
"01.12.2020","1.098,52","1.111,89","1.119,40","1.094,34","6,65M","-0,13%"
"30.11.2020","1.099,94","1.169,53","1.169,53","1.099,35","10,64M","-3,82%"
"27.11.2020","1.143,63","1.107,46","1.211,29","1.094,34","8,04M","2,24%"
"26.11.2020","1.118,57","1.130,60","1.130,60","1.098,52","1,37M","-0,07%"
"25.11.2020","1.119,40","1.124,67","1.151,98","1.113,56","10,95M","-1,47%"
"24.11.2020","1.136,11","1.152,90","1.161,17","1.123,58","14,05M","-0,37%"
"23.11.2020","1.140,37","1.115,23","1.143,63","1.115,23","9,76M","2,64%"
"20.11.2020","1.111,05","1.090,17","1.141,12","1.077,63","10,27M","1,53%"
"19.11.2020","1.094,34","1.126,09","1.139,45","1.087,66","10,98M","-3,68%"
"18.11.2020","1.136,11","1.127,76","1.136,11","1.107,12","10,85M","1,49%"
"17.11.2020","1.119,40","1.123,50","1.126,17","1.079,31","13,35M","-0,37%"
"16.11.2020","1.123,58","1.091,00","1.126,92","1.090,17","17,48M","3,62%"
"13.11.2020","1.084,32","1.077,63","1.104,45","1.061,93","13,09M","2,20%"
"12.11.2020","1.060,93","1.056,75","1.060,93","1.031,77","12,54M","1,60%"
"11.11.2020","1.044,22","1.006,63","1.044,22","1.002,45","10,83M","3,31%"
"10.11.2020","1.010,80","997,77","1.010,80","970,71","11,68M","2,11%"
"09.11.2020","989,92","984,16","1.023,34","984,16","8,92M","3,49%"
"06.11.2020","956,51","943,97","959,18","911,39","3,18M","3,25%"
"05.11.2020","926,43","877,14","927,27","857,10","4,40M","6,33%"
"04.11.2020","871,30","869,88","877,06","843,81","2,73M","0,16%"
"03.11.2020","869,88","914,57","914,57","856,26","6,27M","-3,13%"
"02.11.2020","898,03","902,29","909,64","885,58","4,61M","0,00%"
"30.10.2020","898,03","921,42","923,93","890,93","4,15M","-2,54%"
"29.10.2020","921,42","936,46","942,30","918,91","3,95M","-1,08%"
"28.10.2020","931,44","918,91","935,62","902,21","8,38M","0,45%"
"27.10.2020","927,27","952,33","968,20","924,26","5,22M","-2,63%"
"26.10.2020","952,33","901,37","960,77","901,37","10,58M","3,26%"
"23.10.2020","922,25","943,97","949,82","922,25","6,25M","-1,68%"
"22.10.2020","938,04","935,62","946,40","931,44","11,80M","-0,10%"
"21.10.2020","938,96","931,44","943,97","929,02","5,16M","0,81%"
"20.10.2020","931,44","931,44","939,38","923,09","7,57M","0,36%"
"19.10.2020","928,10","933,11","948,23","928,10","2,16M","-0,54%"
"16.10.2020","933,11","933,45","956,42","922,67","5,68M","-0,27%"
"15.10.2020","935,62","948,90","968,03","923,93","10,42M","-1,58%"
"14.10.2020","950,66","938,88","950,66","928,27","2,60M","1,25%"
"13.10.2020","938,96","930,61","938,96","911,81","3,33M","0,90%"
"09.10.2020","930,61","913,98","933,11","910,56","7,51M","1,84%"
"08.10.2020","913,82","924,76","934,79","903,12","3,84M","-1,18%"
"07.10.2020","924,76","942,72","947,32","921,50","5,68M","-1,91%"
"06.10.2020","942,72","939,80","951,49","914,74","14,91M","0,32%"
"05.10.2020","939,71","963,27","963,36","936,62","7,91M","-2,44%"
"02.10.2020","963,19","956,51","968,95","952,33","6,79M","-0,03%"
"01.10.2020","963,44","961,94","969,87","958,68","5,03M","0,29%"
"30.09.2020","960,68","960,68","990,09","948,15","6,04M","0,00%"
"29.09.2020","960,68","971,54","971,54","934,95","6,07M","-1,10%"
"28.09.2020","971,37","987,41","1.002,45","960,77","3,33M","-1,45%"
"25.09.2020","985,66","977,39","985,66","961,52","1,70M","0,85%"
"24.09.2020","977,39","960,68","984,91","948,15","4,73M","3,54%"
"23.09.2020","943,97","969,04","969,04","918,91","2,63M","-2,02%"
"22.09.2020","963,44","948,15","984,82","948,15","1,85M","1,97%"
"21.09.2020","944,81","952,33","964,52","943,97","5,72M","-2,15%"
"17.09.2020","965,53","985,66","985,74","956,59","5,87M","-2,46%"
"16.09.2020","989,92","981,57","993,26","953,08","2,77M","1,72%"
"15.09.2020","973,21","1.000,61","1.014,98","969,12","5,83M","-2,10%"
"14.09.2020","994,10","978,22","1.000,78","964,02","2,13M","3,39%"
"11.09.2020","961,52","977,39","989,92","960,77","1,21M","-2,04%"
"10.09.2020","981,57","989,92","998,27","969,12","3,81M","-1,67%"
"09.09.2020","998,27","1.024,92","1.024,92","997,77","3,69M","-2,77%"
"08.09.2020","1.026,68","1.016,65","1.026,68","994,93","4,30M","0,74%"
"07.09.2020","1.019,16","1.019,16","1.025,59","1.014,90","526,95K","0,66%"
"04.09.2020","1.012,48","1.042,55","1.042,55","1.006,63","2,52M","-1,78%"
"03.09.2020","1.030,85","1.032,52","1.047,56","1.003,87","3,93M","0,33%"
"02.09.2020","1.027,51","962,35","1.039,21","960,01","6,56M","6,96%"
"01.09.2020","960,68","989,92","989,92","944,81","9,07M","0,00%"
"31.08.2020","960,68","1.028,77","1.028,77","960,68","13,36M","-6,16%"
"28.08.2020","1.023,75","1.061,09","1.082,56","1.022,58","9,46M","-2,74%"
"27.08.2020","1.052,57","1.039,21","1.052,57","1.027,51","3,75M","1,45%"
"26.08.2020","1.037,54","1.045,06","1.045,14","1.010,80","3,72M","-1,04%"
"25.08.2020","1.048,40","1.078,47","1.091,84","1.035,87","5,19M","-2,71%"
"24.08.2020","1.077,55","1.085,15","1.094,26","1.060,93","3,79M","0,30%"
"21.08.2020","1.074,29","1.073,46","1.077,63","1.052,32","5,49M","0,08%"
"20.08.2020","1.073,46","1.076,97","1.085,15","1.054,24","6,16M","-0,55%"
"19.08.2020","1.079,39","1.096,01","1.102,70","1.077,63","2,17M","-1,13%"
"18.08.2020","1.091,75","1.135,94","1.135,94","1.085,99","4,18M","-2,47%"
"17.08.2020","1.119,40","1.141,21","1.142,71","1.102,78","2,92M","-0,85%"
"14.08.2020","1.129,01","1.119,40","1.148,64","1.119,40","4,58M","0,86%"
"13.08.2020","1.119,40","1.094,43","1.131,85","1.086,82","9,57M","2,49%"
"12.08.2020","1.092,17","1.098,60","1.106,04","1.087,66","7,94M","1,04%"
"11.08.2020","1.080,98","1.044,47","1.101,86","1.044,47","8,68M","3,94%"
"10.08.2020","1.040,04","1.089,33","1.089,33","1.040,04","4,21M","-2,20%"
"07.08.2020","1.063,43","1.066,02","1.077,63","1.056,75","3,95M","-0,16%"
"06.08.2020","1.065,10","1.059,76","1.077,13","1.052,57","2,83M","0,01%"
"05.08.2020","1.065,02","1.080,89","1.080,89","1.028,68","10,07M","1,18%"
"04.08.2020","1.052,57","1.072,46","1.102,61","1.040,13","5,57M","-0,79%"
"03.08.2020","1.060,93","1.102,70","1.119,40","1.060,93","4,46M","-3,71%"
"31.07.2020","1.101,86","1.077,63","1.101,86","1.059,26","6,54M","2,25%"
"30.07.2020","1.077,63","1.069,20","1.090,17","1.035,87","5,69M","0,00%"
"29.07.2020","1.077,63","1.082,65","1.082,65","1.049,40","4,56M","-0,77%"
"28.07.2020","1.085,99","1.080,14","1.123,58","1.080,14","5,52M","0,78%"
"27.07.2020","1.077,63","1.069,28","1.077,63","1.046,73","4,50M","3,61%"
"24.07.2020","1.040,04","1.002,45","1.043,38","995,77","9,17M","3,66%"
"23.07.2020","1.003,29","1.014,98","1.031,69","996,69","18,66M","-1,15%"
"22.07.2020","1.014,98","981,82","1.027,43","969,12","9,50M","3,40%"
"21.07.2020","981,65","1.025,84","1.027,51","981,65","7,52M","-4,31%"
"20.07.2020","1.025,84","1.042,55","1.056,67","1.010,80","2,85M","-2,54%"
"17.07.2020","1.052,57","1.044,22","1.085,07","1.024,17","2,57M","-2,10%"
"15.07.2020","1.075,13","1.135,28","1.152,82","1.073,54","17,22M","-3,31%"
"14.07.2020","1.111,89","1.065,10","1.126,84","1.035,87","6,66M","5,22%"
"13.07.2020","1.056,75","1.004,12","1.073,46","1.004,12","8,99M","5,42%"
"10.07.2020","1.002,45","1.019,07","1.028,93","986,58","3,14M","-1,72%"
"09.07.2020","1.019,99","1.027,43","1.051,74","1.002,45","2,49M","-3,72%"
"08.07.2020","1.059,42","1.080,14","1.102,70","1.027,60","2,55M","-1,84%"
"07.07.2020","1.079,31","1.069,28","1.086,07","1.031,69","3,21M","0,54%"
"06.07.2020","1.073,46","1.107,71","1.135,19","1.073,46","6,80M","-0,46%"
"03.07.2020","1.078,47","1.060,93","1.101,94","1.056,75","3,18M","1,65%"
"02.07.2020","1.060,93","1.003,29","1.075,88","1.003,29","6,90M","6,72%"
"01.07.2020","994,10","964,86","1.001,62","956,51","19,51M","3,48%"
"30.06.2020","960,68","1.002,45","1.014,15","960,68","7,32M","-3,36%"
"26.06.2020","994,10","989,08","1.010,72","983,24","5,21M","-0,83%"
"25.06.2020","1.002,45","1.014,06","1.030,10","989,84","4,78M","-1,23%"
"24.06.2020","1.014,98","971,54","1.016,65","971,54","8,86M","4,47%"
"23.06.2020","971,54","964,86","971,54","939,80","4,76M","1,22%"
"22.06.2020","959,85","987,41","998,27","948,15","4,48M","-2,79%"
"19.06.2020","987,41","984,07","999,86","969,87","10,98M","1,03%"
"18.06.2020","977,39","943,97","981,57","923,09","5,06M","4,00%"
"17.06.2020","939,80","919,08","939,80","902,21","6,64M","3,86%"
"16.06.2020","904,88","898,03","912,23","877,81","6,93M","2,00%"
"15.06.2020","887,17","887,09","905,71","852,08","1,57M","0,00%"
"12.06.2020","887,17","902,21","902,21","860,44","1,71M","1,63%"
"11.06.2020","872,97","852,08","872,97","835,38","1,95M","0,28%"
"10.06.2020","870,54","910,56","910,56","870,54","1,83M","-4,12%"
"09.06.2020","907,97","884,66","910,56","870,46","3,00M","0,64%"
"08.06.2020","902,21","873,80","903,88","841,22","4,45M","3,25%"
"05.06.2020","873,80","839,55","893,85","839,55","9,64M","4,61%"
"04.06.2020","835,29","840,30","847,74","820,34","3,63M","-0,90%"
"03.06.2020","842,89","843,73","860,44","831,20","12,52M","0,90%"
"02.06.2020","835,38","801,96","852,00","801,96","8,87M","3,61%"
"01.06.2020","806,26","785,25","814,48","781,08","1,80M","3,22%"
"29.05.2020","781,08","793,61","793,61","756,02","11,77M","-1,06%"
"28.05.2020","789,43","810,32","810,32","777,73","5,00M","-4,16%"
"27.05.2020","823,68","812,82","842,89","785,25","1,81M","1,44%"
"26.05.2020","811,99","827,94","835,38","811,15","6,34M","-1,82%"
"25.05.2020","827,03","832,03","837,63","811,99","4,52M","-0,10%"
"22.05.2020","827,86","846,07","847,91","806,14","8,11M","-0,41%"
"20.05.2020","831,28","853,00","877,14","827,02","5,89M","-2,54%"
"19.05.2020","852,92","893,77","893,77","847,99","10,08M","-4,58%"
"18.05.2020","893,85","877,14","901,37","868,79","5,46M","5,94%"
"15.05.2020","843,73","814,49","852,08","814,49","11,04M","4,02%"
"14.05.2020","811,15","768,55","811,15","751,84","4,84M","5,54%"
"13.05.2020","768,55","805,30","816,16","752,67","10,02M","-3,26%"
"12.05.2020","794,44","811,99","818,65","791,94","2,23M","-2,06%"
"11.05.2020","811,15","789,43","811,15","789,43","1,82M","2,52%"
"08.05.2020","791,18","840,47","847,91","791,18","4,56M","-4,93%"
"07.05.2020","832,18","852,08","860,44","832,18","6,23M","0,62%"
"06.05.2020","827,02","860,44","877,14","827,02","7,88M","-2,93%"
"05.05.2020","852,00","822,03","869,90","814,01","3,16M","6,25%"
"04.05.2020","801,86","801,86","826,08","789,73","2,93M","-1,98%"
"30.04.2020","818,06","842,20","842,20","800,24","3,85M","-3,16%"
"29.04.2020","844,79","834,26","865,04","834,26","2,97M","2,76%"
"28.04.2020","822,11","811,18","850,46","794,08","6,60M","2,14%"
"27.04.2020","804,86","775,18","805,83","775,18","4,19M","4,16%"
"24.04.2020","772,70","789,71","793,76","763,10","2,18M","-2,15%"
"23.04.2020","789,71","753,28","792,95","753,28","4,06M","5,18%"
"22.04.2020","750,84","753,51","785,66","750,84","3,98M","0,22%"
"21.04.2020","749,22","756,50","769,46","731,80","1,71M","-1,19%"
"20.04.2020","758,21","789,71","789,71","757,31","2,64M","-4,00%"
"17.04.2020","789,79","796,19","809,15","769,56","2,35M","0,63%"
"16.04.2020","784,85","788,90","793,68","746,79","11,53M","-0,51%"
"15.04.2020","788,90","789,71","801,04","781,61","11,72M","-1,62%"
"14.04.2020","801,86","769,54","801,86","769,54","6,44M","4,20%"
"13.04.2020","769,54","756,50","785,66","733,91","1,59M","1,07%"
"09.04.2020","761,36","728,94","745,17","728,94","1,81M","3,98%"
"08.04.2020","732,21","704,67","736,26","704,67","5,48M","4,38%"
"07.04.2020","701,51","728,97","733,02","697,40","4,86M","-2,58%"
"06.04.2020","720,06","728,97","737,07","706,29","6,22M","0,68%"
"03.04.2020","715,20","712,77","733,02","696,97","7,85M","0,34%"
"02.04.2020","712,77","712,77","745,17","712,77","14,25M","0,00%"
"01.04.2020","712,77","708,49","720,06","656,88","6,25M","-1,14%"
"31.03.2020","720,96","664,98","745,17","664,98","11,01M","9,75%"
"30.03.2020","656,88","623,67","682,77","623,67","8,59M","6,01%"
"27.03.2020","619,62","591,27","627,71","575,07","7,57M","4,22%"
"26.03.2020","594,51","542,59","615,57","532,15","11,30M","9,37%"
"25.03.2020","543,57","526,48","557,26","510,28","12,96M","9,47%"
"24.03.2020","496,54","566,97","566,97","496,54","5,38M","-1,12%"
"23.03.2020","502,18","528,10","566,97","502,18","7,55M","-0,16%"
"20.03.2020","502,99","567,87","611,53","502,99","14,67M","-4,75%"
"19.03.2020","528,10","566,16","583,17","485,71","6,03M","8,67%"
"18.03.2020","485,98","576,69","576,69","485,98","4,81M","-15,49%"
"17.03.2020","575,07","599,37","635,82","546,73","8,79M","-4,05%"
"16.03.2020","599,37","672,27","672,27","587,22","8,48M","-12,94%"
"13.03.2020","688,48","713,74","749,22","680,45","3,73M","-2,30%"
"12.03.2020","704,67","736,26","736,26","704,67","3,40M","-7,35%"
"11.03.2020","760,55","750,84","768,65","729,78","3,04M","1,29%"
"10.03.2020","750,84","771,08","787,28","748,41","1,98M","-0,32%"
"09.03.2020","753,26","776,75","776,75","741,51","2,54M","-4,36%"
"06.03.2020","787,61","785,66","800,24","785,66","1,63M","-2,26%"
"05.03.2020","805,83","805,91","805,93","791,33","2,10M","-0,01%"
"04.03.2020","805,91","801,86","809,96","801,86","3,05M","2,05%"
"03.03.2020","789,71","798,62","811,66","789,71","5,39M","-1,12%"
"02.03.2020","798,62","775,94","801,86","775,94","3,31M","2,71%"
"28.02.2020","777,56","784,04","784,85","769,46","7,92M","-1,03%"
"27.02.2020","785,66","780,80","799,43","766,23","4,46M","0,00%"
"26.02.2020","785,66","785,66","789,71","781,61","2,73M","0,52%"
"25.02.2020","781,61","805,10","809,82","779,99","2,12M","-2,92%"
"24.02.2020","805,10","812,39","812,39","793,76","1,70M","-2,17%"
"21.02.2020","822,92","810,04","833,45","809,88","2,13M","1,60%"
"20.02.2020","809,96","818,06","818,06","807,52","5,61M","0,25%"
"19.02.2020","807,95","809,96","834,26","793,76","4,16M","0,25%"
"18.02.2020","805,91","827,70","827,70","805,91","566,82K","-2,63%"
"17.02.2020","827,70","823,73","834,26","822,52","359,61K","0,48%"
"14.02.2020","823,73","830,21","831,02","822,11","4,18M","-0,78%"
"13.02.2020","830,21","832,64","840,74","826,16","4,91M","-0,49%"
"12.02.2020","834,26","834,26","841,96","831,83","10,27M","0,00%"
"11.02.2020","834,26","822,19","842,36","822,19","4,68M","1,47%"
"10.02.2020","822,19","834,26","834,26","822,19","3,13M","-1,92%"
"07.02.2020","838,31","825,92","847,22","825,92","2,82M","0,49%"
"06.02.2020","834,26","826,65","850,46","826,65","2,63M","0,92%"
"05.02.2020","826,65","831,43","840,90","826,16","5,40M","-0,53%"
"04.02.2020","831,02","803,48","842,36","803,48","5,52M","2,60%"
"03.02.2020","809,96","801,86","814,01","801,86","6,31M","1,01%"
"31.01.2020","801,86","816,04","816,04","801,86","4,62M","-0,60%"
"30.01.2020","806,72","809,96","818,95","801,86","3,95M","-0,91%"
"29.01.2020","814,09","803,48","818,06","803,48","7,33M","0,38%"
"28.01.2020","811,02","809,96","825,27","809,96","1,51M","0,13%"
"27.01.2020","809,96","831,02","831,02","801,87","2,03M","-2,85%"
"24.01.2020","833,69","834,75","842,85","826,16","1,65M","-1,12%"
"23.01.2020","843,17","850,46","850,54","830,21","12,74M","-0,86%"
"22.01.2020","850,46","840,34","856,94","840,34","7,63M","0,48%"
"21.01.2020","846,41","848,03","856,94","842,36","11,27M","-1,62%"
"20.01.2020","860,34","856,13","886,83","855,32","16,03M","0,49%"
"17.01.2020","856,13","834,42","862,61","822,11","6,05M","2,60%"
"16.01.2020","834,42","814,01","834,42","810,93","2,21M","2,71%"
"15.01.2020","812,39","827,78","831,02","801,87","3,67M","-1,87%"
"14.01.2020","827,86","823,81","845,60","823,81","1,61M","-0,67%"
"13.01.2020","833,45","850,46","850,46","819,11","4,42M","-1,80%"
"10.01.2020","848,76","828,59","848,76","818,06","1,06M","2,43%"
"09.01.2020","828,59","826,97","837,42","816,20","1,43M","0,20%"
"08.01.2020","826,97","850,14","850,46","822,11","2,35M","-2,12%"
"07.01.2020","844,87","838,31","849,57","838,31","1,34M","0,78%"
"06.01.2020","838,31","838,23","838,31","819,92","1,13M","0,01%"
"03.01.2020","838,23","839,04","839,04","810,77","3,28M","-0,11%"
"02.01.2020","839,12","801,86","840,74","805,91","1,30M","4,65%"
"30.12.2019","801,86","805,91","815,96","789,71","1,14M","-0,50%"
"27.12.2019","805,91","797,81","806,72","785,66","1,42M","1,02%"
"26.12.2019","797,81","798,62","822,11","793,76","4,37M","-0,10%"
"24.12.2019","798,62","801,77","811,34","794,57","1,21M","-0,39%"
"23.12.2019","801,77","801,87","838,47","796,27","1,51M","-0,01%"
"20.12.2019","801,87","807,53","820,41","790,20","5,43M","-0,70%"
"19.12.2019","807,53","809,96","822,03","805,91","4,30M","0,71%"
"18.12.2019","801,86","818,06","818,87","795,77","6,69M","-1,98%"
"17.12.2019","818,06","830,21","840,74","810,85","6,72M","-1,46%"
"16.12.2019","830,21","826,16","849,49","826,16","2,43M","0,49%"
"13.12.2019","826,16","822,11","842,36","824,87","3,66M","0,49%"
"12.12.2019","822,11","827,78","850,46","822,11","2,98M","-1,58%"
"11.12.2019","835,31","852,08","869,82","835,07","1,44M","-1,97%"
"10.12.2019","852,08","854,51","865,85","850,06","1,16M","-0,28%"
"09.12.2019","854,51","878,00","878,00","842,28","594,63K","-2,68%"
"06.12.2019","878,00","850,46","878,00","850,22","1,59M","3,24%"
"05.12.2019","850,46","834,26","866,66","838,31","3,78M","1,94%"
"04.12.2019","834,26","829,32","861,80","827,86","3,92M","0,60%"
"03.12.2019","829,32","822,92","854,51","810,04","3,18M","0,78%"
"02.12.2019","822,92","830,21","854,43","822,92","2,72M","-0,88%"
"29.11.2019","830,21","809,15","838,31","778,37","1,61M","2,60%"
"28.11.2019","809,15","809,15","816,36","793,76","1,85M","0,00%"
"27.11.2019","809,15","832,64","832,64","807,53","1,69M","-2,82%"
"26.11.2019","832,64","850,46","850,46","789,71","6,44M","-2,10%"
"25.11.2019","850,46","848,27","854,43","831,02","2,21M","0,26%"
"22.11.2019","848,27","839,20","857,91","826,16","1,90M","1,08%"
"21.11.2019","839,20","834,26","878,81","838,31","3,63M","0,59%"
"20.11.2019","834,26","835,31","856,94","818,06","7,48M","-0,13%"
"19.11.2019","835,31","877,43","877,43","827,78","6,28M","-4,80%"
"18.11.2019","877,43","907,16","891,12","854,43","4,04M","-3,28%"
"15.11.2019","907,16","842,36","907,16","842,36","5,37M","11,98%"
"14.11.2019","810,12","777,56","810,12","776,75","9,94M","4,19%"
"13.11.2019","777,56","808,26","785,74","769,45","4,38M","-3,80%"
"12.11.2019","808,26","809,96","809,96","757,31","3,07M","-0,71%"
"11.11.2019","814,01","842,36","838,31","798,62","2,82M","-3,37%"
"08.11.2019","842,36","826,16","846,41","818,06","2,28M","1,96%"
"07.11.2019","826,16","818,06","836,69","818,06","4,49M","0,07%"
"06.11.2019","825,59","820,49","834,26","801,86","6,68M","0,81%"
"05.11.2019","818,95","839,12","839,12","813,20","2,30M","-2,40%"
"04.11.2019","839,12","818,06","854,51","818,06","3,53M","2,88%"
"30.10.2019","815,63","845,60","845,68","809,96","2,44M","-3,54%"
"29.10.2019","845,60","849,65","862,61","845,52","2,16M","-0,48%"
"28.10.2019","849,65","865,04","884,48","841,55","3,92M","-17,84%"
"25.10.2019","1.034,15","1.056,84","1.056,84","1.017,96","2,80M","-0,32%"
"24.10.2019","1.037,45","1.014,18","1.066,54","1.007,39","3,57M","2,69%"
"23.10.2019","1.010,30","1.062,66","1.058,29","1.003,51","5,61M","-4,93%"
"22.10.2019","1.062,66","1.047,14","1.066,54","1.022,91","4,78M","1,95%"
"21.10.2019","1.042,30","1.066,54","1.066,54","1.018,15","5,72M","-5,62%"
"18.10.2019","1.104,35","1.100,47","1.108,23","1.095,62","2,02M","0,35%"
"17.10.2019","1.100,47","1.100,47","1.133,34","1.096,59","6,18M","0,00%"
"16.10.2019","1.100,47","1.110,17","1.110,17","1.095,62","1,87M","0,00%"
"15.10.2019","1.100,47","1.101,54","1.114,05","1.096,40","2,78M","-0,10%"
"14.10.2019","1.101,54","1.129,56","1.143,91","1.097,56","2,40M","-2,48%"
"11.10.2019","1.129,56","1.076,23","1.129,56","1.085,83","3,28M","4,95%"
"10.10.2019","1.076,23","1.087,58","1.095,62","1.076,23","4,87M","-1,04%"
"09.10.2019","1.087,58","1.092,71","1.100,47","1.086,90","1,03M","-0,47%"
"08.10.2019","1.092,71","1.095,62","1.095,62","1.085,93","1,86M","-0,70%"
"07.10.2019","1.100,37","1.110,17","1.110,17","1.092,71","1,64M","-0,88%"
"04.10.2019","1.110,17","1.126,65","1.144,10","1.105,32","2,57M","-1,46%"
"03.10.2019","1.126,65","1.151,76","1.144,20","1.124,71","1,48M","-2,18%"
"02.10.2019","1.151,76","1.153,80","1.156,71","1.139,25","1,47M","-0,43%"
"01.10.2019","1.156,71","1.163,49","1.173,19","1.136,35","1,61M","-0,58%"
"30.09.2019","1.163,49","1.180,95","1.192,58","1.158,65","2,23M","-1,48%"
"27.09.2019","1.180,95","1.153,80","1.197,33","1.163,49","2,65M","2,35%"
"26.09.2019","1.153,80","1.167,57","1.171,74","1.153,80","2,22M","-1,18%"
"25.09.2019","1.167,57","1.169,31","1.167,57","1.124,71","1,42M","-0,15%"
"24.09.2019","1.169,31","1.183,08","1.197,14","1.156,80","2,24M","-1,16%"
"23.09.2019","1.183,08","1.182,89","1.216,82","1.168,34","4,96M","-0,65%"
"17.09.2019","1.190,84","1.184,73","1.190,84","1.169,41","4,54M","0,52%"
"16.09.2019","1.184,73","1.160,59","1.184,73","1.144,49","3,00M","1,99%"
"13.09.2019","1.161,55","1.152,54","1.161,55","1.127,62","1,81M","0,78%"
"12.09.2019","1.152,54","1.163,49","1.163,49","1.125,00","3,16M","2,12%"
"11.09.2019","1.128,59","1.070,41","1.128,59","1.070,41","13,96M","4,40%"
"10.09.2019","1.080,98","1.100,47","1.104,35","1.077,30","2,79M","-1,77%"
"09.09.2019","1.100,47","1.075,75","1.105,32","1.070,61","1,83M","2,30%"
"06.09.2019","1.075,75","1.057,81","1.109,20","1.057,81","2,48M","1,79%"
"05.09.2019","1.056,84","1.037,45","1.076,33","1.027,07","3,35M","1,87%"
"04.09.2019","1.037,45","1.013,31","1.037,45","1.018,06","1,64M","2,38%"
"03.09.2019","1.013,31","1.018,06","1.036,48","1.009,33","4,36M","-1,44%"
"02.09.2019","1.028,14","1.047,14","1.047,14","1.022,91","832,09K","-1,81%"
"30.08.2019","1.047,14","1.061,49","1.090,68","1.027,75","3,77M","-1,35%"
"29.08.2019","1.061,49","1.027,17","1.063,63","1.027,17","1,23M","3,34%"
"28.08.2019","1.027,17","1.023,00","1.037,35","1.018,35","2,76M","0,41%"
"27.08.2019","1.023,00","1.027,75","1.058,78","1.008,46","7,03M","-0,46%"
"26.08.2019","1.027,75","1.032,79","1.055,19","1.017,77","2,06M","-0,49%"
"23.08.2019","1.032,79","1.066,54","1.066,54","1.019,03","5,40M","-3,16%"
"22.08.2019","1.066,54","1.085,93","1.095,53","1.047,14","3,40M","-1,79%"
"21.08.2019","1.085,93","1.079,14","1.100,76","1.079,14","1,82M","0,63%"
"20.08.2019","1.079,14","1.105,32","1.106,00","1.076,72","4,40M","-2,44%"
"19.08.2019","1.106,09","1.129,56","1.143,04","1.085,93","3,12M","-2,08%"
"16.08.2019","1.129,56","1.105,42","1.144,10","1.105,42","3,47M","2,41%"
"14.08.2019","1.102,99","1.144,10","1.158,65","1.102,99","3,30M","-3,88%"
"13.08.2019","1.147,50","1.179,78","1.192,58","1.147,50","7,77M","-2,75%"
"12.08.2019","1.179,98","1.200,34","1.200,34","1.144,10","13,46M","-6,74%"
"09.08.2019","1.265,30","1.289,35","1.325,32","1.265,30","1,89M","-1,86%"
"08.08.2019","1.289,35","1.265,30","1.298,27","1.275,29","2,68M","1,90%"
"07.08.2019","1.265,30","1.265,30","1.284,69","1.251,73","4,46M","0,00%"
"06.08.2019","1.265,30","1.284,69","1.306,99","1.253,76","3,51M","-1,14%"
"05.08.2019","1.279,84","1.308,93","1.308,93","1.242,22","6,26M","-2,22%"
"02.08.2019","1.308,93","1.324,73","1.324,73","1.300,98","1,99M","-2,18%"
"01.08.2019","1.338,11","1.347,71","1.354,50","1.323,47","2,11M","-0,71%"
"31.07.2019","1.347,71","1.351,59","1.351,69","1.338,21","2,75M","-0,36%"
"30.07.2019","1.352,56","1.352,56","1.367,11","1.347,71","1,65M","0,07%"
"29.07.2019","1.351,59","1.350,62","1.362,16","1.347,71","648,40K","0,07%"
"26.07.2019","1.350,62","1.356,44","1.355,37","1.347,71","1,02M","-0,43%"
"25.07.2019","1.356,44","1.354,50","1.366,14","1.342,87","3,12M","0,14%"
"24.07.2019","1.354,50","1.338,60","1.367,11","1.338,60","2,17M","0,18%"
"23.07.2019","1.352,08","1.367,11","1.376,61","1.347,81","4,01M","-1,10%"
"22.07.2019","1.367,11","1.348,78","1.367,11","1.349,65","1,01M","1,36%"
"19.07.2019","1.348,78","1.362,26","1.385,43","1.314,75","1,48M","-0,99%"
"18.07.2019","1.362,26","1.356,34","1.378,64","1.344,90","2,78M","0,44%"
"17.07.2019","1.356,34","1.365,17","1.365,17","1.348,97","8,38M","-0,65%"
"15.07.2019","1.365,17","1.377,77","1.377,77","1.362,45","2,52M","-0,91%"
"12.07.2019","1.377,77","1.405,89","1.406,86","1.365,17","2,93M","-1,93%"
"11.07.2019","1.404,92","1.376,80","1.424,31","1.365,17","8,15M","2,04%"
"10.07.2019","1.376,80","1.333,17","1.380,78","1.328,32","3,13M","3,27%"
"09.07.2019","1.333,17","1.333,17","1.342,77","1.282,27","2,17M","0,29%"
"08.07.2019","1.329,29","1.299,23","1.329,29","1.294,19","2,02M","2,31%"
"05.07.2019","1.299,23","1.315,72","1.308,93","1.289,54","2,33M","-1,25%"
"04.07.2019","1.315,72","1.325,41","1.325,41","1.309,90","780,12K","-0,73%"
"03.07.2019","1.325,41","1.290,61","1.328,32","1.299,23","1,81M","2,70%"
"02.07.2019","1.290,61","1.308,93","1.318,63","1.290,61","1,95M","-1,40%"
"01.07.2019","1.308,93","1.289,54","1.326,58","1.284,69","1,91M","1,50%"
"28.06.2019","1.289,54","1.299,33","1.318,63","1.285,95","2,02M","-0,75%"
"27.06.2019","1.299,33","1.299,23","1.308,93","1.279,84","1,22M","0,01%"
"26.06.2019","1.299,23","1.307,57","1.318,53","1.294,48","2,52M","-0,64%"
"25.06.2019","1.307,57","1.318,63","1.315,72","1.293,42","2,49M","-0,84%"
"24.06.2019","1.318,63","1.288,08","1.328,32","1.292,45","5,49M","2,37%"
"21.06.2019","1.288,08","1.313,68","1.328,32","1.284,69","5,62M","-1,95%"
"20.06.2019","1.313,68","1.316,30","1.332,10","1.309,03","2,08M","-0,20%"
"19.06.2019","1.316,30","1.338,02","1.338,02","1.310,00","1,46M","-1,77%"
"18.06.2019","1.339,96","1.318,63","1.347,52","1.318,63","1,35M","1,77%"
"17.06.2019","1.316,69","1.333,17","1.337,82","1.311,06","985,65K","-1,24%"
"14.06.2019","1.333,17","1.308,93","1.342,87","1.308,93","1,97M","0,07%"
"13.06.2019","1.332,20","1.320,66","1.333,17","1.310,87","3,58M","0,87%"
"12.06.2019","1.320,66","1.305,05","1.328,42","1.280,91","5,85M","1,20%"
"11.06.2019","1.305,05","1.274,03","1.328,23","1.274,03","4,64M","2,37%"
"10.06.2019","1.274,90","1.241,06","1.274,90","1.246,01","1,19M","2,73%"
"07.06.2019","1.241,06","1.224,58","1.260,45","1.225,55","1,42M","1,35%"
"06.06.2019","1.224,58","1.224,58","1.250,27","1.224,58","1,47M","0,08%"
"05.06.2019","1.223,61","1.255,60","1.277,81","1.223,61","1,88M","-2,55%"
"04.06.2019","1.255,60","1.273,15","1.308,25","1.253,66","7,55M","-1,38%"
"03.06.2019","1.273,15","1.250,76","1.288,96","1.250,76","3,47M","1,79%"
"31.05.2019","1.250,76","1.260,45","1.278,78","1.245,62","5,74M","-0,77%"
"30.05.2019","1.260,45","1.233,69","1.270,15","1.233,69","6,20M","2,17%"
"29.05.2019","1.233,69","1.197,91","1.240,09","1.197,91","10,19M","2,99%"
"28.05.2019","1.197,91","1.202,28","1.211,00","1.182,98","6,42M","1,09%"
"27.05.2019","1.185,02","1.190,74","1.211,97","1.182,98","1,38M","-0,48%"
"24.05.2019","1.190,74","1.182,89","1.197,43","1.174,16","1,91M","0,66%"
"23.05.2019","1.182,89","1.182,89","1.192,58","1.147,40","1,99M","0,00%"
"22.05.2019","1.182,89","1.167,37","1.192,48","1.167,37","2,48M","1,33%"
"20.05.2019","1.167,37","1.183,18","1.201,21","1.167,37","1,02M","-1,34%"
"17.05.2019","1.183,18","1.231,36","1.231,36","1.183,18","1,04M","-1,68%"
"16.05.2019","1.203,34","1.202,28","1.211,88","1.193,74","2,16M","0,09%"
"15.05.2019","1.202,28","1.202,28","1.221,67","1.182,98","10,72M","0,00%"
"14.05.2019","1.202,28","1.193,55","1.211,97","1.193,55","4,67M","0,81%"
"13.05.2019","1.192,58","1.192,58","1.192,58","1.170,28","2,39M","0,00%"
"10.05.2019","1.192,58","1.207,13","1.211,97","1.183,86","1,83M","-1,20%"
"09.05.2019","1.207,13","1.226,52","1.226,52","1.184,82","3,03M","-1,58%"
"08.05.2019","1.226,52","1.221,67","1.226,52","1.183,08","6,44M","0,88%"
"07.05.2019","1.215,85","1.221,62","1.221,62","1.202,87","738,14K","-0,47%"
"06.05.2019","1.221,62","1.213,93","1.230,86","1.195,85","1,62M","0,63%"
"03.05.2019","1.213,93","1.217,87","1.240,77","1.213,93","1,73M","-0,32%"
"02.05.2019","1.217,87","1.236,05","1.250,39","1.212,01","1,27M","-1,47%"
"30.04.2019","1.236,05","1.227,40","1.246,63","1.207,29","2,55M","0,71%"
"29.04.2019","1.227,40","1.238,07","1.264,91","1.223,07","3,08M","-1,85%"
"26.04.2019","1.250,48","1.219,70","1.269,24","1.183,15","4,38M","2,44%"
"25.04.2019","1.220,66","1.250,48","1.250,48","1.212,01","3,57M","-2,38%"
"24.04.2019","1.250,48","1.263,95","1.263,95","1.244,71","3,26M","-1,07%"
"23.04.2019","1.263,95","1.298,58","1.288,96","1.256,25","7,09M","-2,67%"
"22.04.2019","1.298,58","1.333,11","1.332,24","1.298,58","2,14M","-2,59%"
"18.04.2019","1.333,11","1.342,73","1.346,67","1.299,54","6,41M","-0,72%"
"17.04.2019","1.342,73","1.325,61","1.356,29","1.322,62","17,40M","1,33%"
"16.04.2019","1.325,13","1.314,74","1.331,28","1.309,25","4,54M","0,79%"
"15.04.2019","1.314,74","1.290,11","1.314,74","1.288,96","7,36M","1,91%"
"12.04.2019","1.290,11","1.293,77","1.303,39","1.284,34","2,63M","-0,28%"
"11.04.2019","1.293,77","1.288,96","1.298,58","1.286,07","10,57M","-0,37%"
"10.04.2019","1.298,58","1.293,77","1.298,58","1.284,24","13,23M","0,30%"
"09.04.2019","1.294,73","1.288,09","1.314,93","1.279,24","18,37M","0,45%"
"08.04.2019","1.288,96","1.250,48","1.288,96","1.250,48","13,69M","3,08%"
"05.04.2019","1.250,48","1.240,86","1.260,29","1.229,32","4,05M","1,56%"
"04.04.2019","1.231,24","1.220,66","1.231,24","1.207,20","12,56M","1,67%"
"03.04.2019","1.211,04","1.169,68","1.215,85","1.169,68","8,92M","4,87%"
"02.04.2019","1.154,77","1.139,86","1.162,95","1.137,46","9,21M","1,31%"
"01.04.2019","1.139,86","1.133,22","1.151,31","1.125,43","11,43M","0,59%"
"29.03.2019","1.133,22","1.132,17","1.151,98","1.121,87","4,39M","0,09%"
"28.03.2019","1.132,17","1.129,76","1.144,19","1.120,62","2,89M","0,21%"
"27.03.2019","1.129,76","1.144,58","1.154,19","1.120,62","2,38M","-1,30%"
"26.03.2019","1.144,67","1.131,20","1.147,46","1.126,40","2,28M","1,28%"
"25.03.2019","1.130,24","1.149,48","1.144,67","1.125,34","3,68M","-1,67%"
"22.03.2019","1.149,48","1.166,51","1.166,51","1.137,36","2,82M","-1,46%"
"21.03.2019","1.166,51","1.166,31","1.173,43","1.157,46","1,77M","0,02%"
"20.03.2019","1.166,31","1.178,24","1.178,34","1.156,41","1,51M","-0,37%"
"19.03.2019","1.170,64","1.176,22","1.192,77","1.168,82","1,67M","-0,47%"
"18.03.2019","1.176,22","1.168,62","1.180,26","1.168,62","3,36M","0,65%"
"15.03.2019","1.168,62","1.163,91","1.190,84","1.159,58","8,27M","0,40%"
"14.03.2019","1.163,91","1.178,34","1.187,28","1.159,29","3,42M","-2,97%"
"13.03.2019","1.199,50","1.182,19","1.212,97","1.178,34","3,56M","1,38%"
"12.03.2019","1.183,15","1.207,20","1.219,32","1.179,30","3,58M","-1,99%"
"11.03.2019","1.207,20","1.174,49","1.220,66","1.174,49","3,22M","2,78%"
"08.03.2019","1.174,49","1.173,53","1.174,49","1.156,21","3,04M","0,08%"
"07.03.2019","1.173,53","1.183,05","1.183,05","1.163,91","3,93M","-0,80%"
"06.03.2019","1.183,05","1.167,08","1.183,05","1.167,76","2,29M","1,37%"
"05.03.2019","1.167,08","1.178,34","1.200,46","1.154,39","2,68M","-0,95%"
"04.03.2019","1.178,24","1.178,53","1.183,24","1.159,10","924,53K","-0,02%"
"01.03.2019","1.178,53","1.174,49","1.197,58","1.164,87","2,22M","0,34%"
"28.02.2019","1.174,49","1.202,48","1.240,86","1.174,49","3,80M","-2,32%"
"27.02.2019","1.202,39","1.211,04","1.216,81","1.190,75","8,17M","-0,71%"
"26.02.2019","1.211,04","1.216,72","1.225,47","1.194,02","8,46M","-0,47%"
"25.02.2019","1.216,72","1.231,15","1.257,21","1.212,97","2,59M","-1,17%"
"22.02.2019","1.231,15","1.218,64","1.238,94","1.208,25","3,68M","1,03%"
"21.02.2019","1.218,64","1.231,24","1.239,90","1.203,54","2,60M","-1,02%"
"20.02.2019","1.231,24","1.197,38","1.239,90","1.191,81","6,20M","3,31%"
"19.02.2019","1.191,81","1.168,72","1.192,77","1.168,72","7,75M","1,98%"
"18.02.2019","1.168,72","1.183,15","1.187,96","1.168,72","536,57K","-1,22%"
"15.02.2019","1.183,15","1.165,83","1.187,96","1.159,10","2,99M","1,49%"
"14.02.2019","1.165,83","1.173,53","1.178,24","1.159,10","3,47M","-0,66%"
"13.02.2019","1.173,53","1.161,99","1.173,53","1.158,14","3,68M","0,99%"
"12.02.2019","1.161,99","1.168,72","1.201,33","1.155,25","6,66M","-0,17%"
"11.02.2019","1.163,91","1.163,91","1.183,15","1.149,58","2,21M","0,00%"
"08.02.2019","1.163,91","1.183,15","1.183,15","1.146,69","1,85M","-1,71%"
"07.02.2019","1.184,11","1.178,34","1.193,92","1.178,34","2,88M","0,90%"
"06.02.2019","1.173,53","1.231,24","1.216,81","1.173,53","4,72M","-4,69%"
"05.02.2019","1.231,24","1.279,24","1.279,15","1.231,24","2,76M","-3,75%"
"04.02.2019","1.279,24","1.276,65","1.288,86","1.271,07","1,99M","-0,23%"
"01.02.2019","1.282,22","1.274,53","1.316,76","1.274,53","2,46M","0,60%"
"31.01.2019","1.274,53","1.269,72","1.302,42","1.274,53","4,74M","0,38%"
"30.01.2019","1.269,72","1.272,61","1.288,00","1.269,72","4,59M","-0,23%"
"29.01.2019","1.272,61","1.317,82","1.311,08","1.272,61","4,83M","-3,43%"
"28.01.2019","1.317,82","1.250,48","1.317,82","1.250,48","3,79M","3,01%"
"25.01.2019","1.279,34","1.274,53","1.296,65","1.274,53","4,88M","0,38%"
"24.01.2019","1.274,53","1.296,65","1.298,67","1.268,28","15,10M","-1,71%"
"23.01.2019","1.296,65","1.307,72","1.327,43","1.292,32","5,01M","-0,85%"
"22.01.2019","1.307,72","1.327,43","1.345,23","1.301,27","7,89M","-1,88%"
"21.01.2019","1.332,72","1.356,29","1.356,29","1.328,40","4,80M","-1,74%"
"18.01.2019","1.356,29","1.317,72","1.361,10","1.317,82","7,71M","2,93%"
"17.01.2019","1.317,72","1.351,48","1.356,29","1.314,16","2,83M","-2,50%"
"16.01.2019","1.351,48","1.346,29","1.369,28","1.341,86","10,79M","1,08%"
"15.01.2019","1.337,05","1.317,82","1.341,86","1.322,72","3,55M","1,46%"
"14.01.2019","1.317,82","1.331,28","1.329,36","1.282,90","2,83M","-1,01%"
"11.01.2019","1.331,28","1.316,18","1.336,86","1.313,97","3,09M","1,15%"
"10.01.2019","1.316,18","1.328,59","1.351,48","1.311,08","3,79M","-0,93%"
"09.01.2019","1.328,59","1.280,40","1.341,86","1.254,33","4,58M","3,82%"
"08.01.2019","1.279,72","1.239,71","1.288,96","1.240,86","17,76M","3,23%"
"07.01.2019","1.239,71","1.243,36","1.264,81","1.223,55","2,83M","-0,29%"
"04.01.2019","1.243,36","1.225,57","1.250,48","1.225,57","1,16M","1,45%"
"03.01.2019","1.225,57","1.216,81","1.250,48","1.211,72","1,96M","1,06%"
"02.01.2019","1.212,68","1.208,54","1.222,59","1.184,11","1,87M","0,34%"
"28.12.2018","1.208,54","1.177,86","1.226,43","1.177,86","4,62M","1,58%"
"27.12.2018","1.189,79","1.178,34","1.192,67","1.163,72","4,27M","1,14%"
"26.12.2018","1.176,32","1.152,56","1.178,34","1.145,06","2,67M","1,08%"
"24.12.2018","1.163,72","1.174,68","1.190,75","1.154,39","1,33M","-0,93%"
"21.12.2018","1.174,68","1.139,38","1.192,77","1.127,36","4,37M","3,10%"
"20.12.2018","1.139,38","1.118,12","1.142,75","1.098,50","3,98M","1,90%"
"19.12.2018","1.118,12","1.119,66","1.138,90","1.091,77","11,85M","-0,14%"
"18.12.2018","1.119,66","1.147,36","1.163,91","1.111,00","2,52M","-2,41%"
"17.12.2018","1.147,36","1.167,37","1.180,26","1.144,67","3,35M","-1,71%"
"14.12.2018","1.167,37","1.200,46","1.200,46","1.163,91","3,26M","-1,41%"
"13.12.2018","1.184,11","1.182,67","1.200,46","1.178,34","2,84M","0,12%"
"12.12.2018","1.182,67","1.212,01","1.212,01","1.177,38","4,18M","0,79%"
"11.12.2018","1.173,43","1.156,41","1.200,27","1.156,41","2,89M","1,48%"
"10.12.2018","1.156,31","1.177,47","1.177,28","1.135,05","1,82M","-1,80%"
"07.12.2018","1.177,47","1.179,97","1.192,77","1.168,72","2,53M","-0,21%"
"06.12.2018","1.179,97","1.200,46","1.200,46","1.173,63","5,93M","-1,88%"
"05.12.2018","1.202,58","1.212,97","1.240,86","1.202,10","3,88M","-1,09%"
"04.12.2018","1.215,85","1.218,45","1.237,98","1.205,46","4,40M","-0,21%"
"03.12.2018","1.218,45","1.202,39","1.239,71","1.199,12","2,94M","1,61%"
"30.11.2018","1.199,12","1.222,59","1.236,05","1.192,77","4,97M","-1,85%"
"29.11.2018","1.221,72","1.214,99","1.245,09","1.202,39","2,26M","0,55%"
"28.11.2018","1.214,99","1.240,86","1.249,52","1.204,31","3,43M","-2,43%"
"27.11.2018","1.245,19","1.255,10","1.269,72","1.236,15","1,54M","-0,79%"
"26.11.2018","1.255,10","1.257,12","1.274,43","1.250,58","6,86M","-0,16%"
"23.11.2018","1.257,12","1.279,24","1.279,24","1.250,67","9,30M","-2,34%"
"22.11.2018","1.287,23","1.287,13","1.298,58","1.284,15","1,09M","0,01%"
"21.11.2018","1.287,13","1.291,07","1.295,79","1.284,15","4,16M","-0,31%"
"20.11.2018","1.291,07","1.307,72","1.307,72","1.284,15","2,85M","-1,27%"
"19.11.2018","1.307,72","1.319,74","1.332,24","1.303,39","1,95M","-1,68%"
"16.11.2018","1.330,13","1.321,09","1.339,94","1.308,20","2,98M","0,68%"
"15.11.2018","1.321,09","1.322,62","1.352,44","1.313,01","4,65M","0,07%"
"14.11.2018","1.320,22","1.364,95","1.364,95","1.313,49","4,53M","-2,26%"
"13.11.2018","1.350,81","1.379,38","1.393,81","1.348,69","2,93M","-2,07%"
"12.11.2018","1.379,38","1.380,05","1.380,34","1.365,91","541,88K","-0,05%"
"09.11.2018","1.380,05","1.393,81","1.394,77","1.375,63","1,20M","-0,99%"
"08.11.2018","1.393,81","1.393,13","1.409,00","1.387,94","1,03M","0,05%"
"07.11.2018","1.393,13","1.389,96","1.413,04","1.385,15","3,05M","0,83%"
"06.11.2018","1.381,69","1.413,81","1.413,62","1.377,45","946,67K","-2,27%"
"05.11.2018","1.413,81","1.393,52","1.432,28","1.375,53","3,64M","1,46%"
"31.10.2018","1.393,52","1.414,01","1.414,01","1.375,53","2,39M","1,06%"
"30.10.2018","1.378,90","1.413,53","1.441,81","1.371,68","2,14M","-2,45%"
"29.10.2018","1.413,53","1.432,47","1.471,72","1.410,45","2,47M","-1,32%"
"26.10.2018","1.432,47","1.438,73","1.451,14","1.409,20","1,74M","-0,43%"
"25.10.2018","1.438,73","1.445,27","1.466,91","1.437,96","1,28M","-0,45%"
"24.10.2018","1.445,27","1.442,86","1.461,62","1.433,24","1,36M","0,21%"
"23.10.2018","1.442,19","1.459,41","1.452,48","1.434,21","7,77M","-1,18%"
"22.10.2018","1.459,41","1.462,10","1.471,82","1.452,87","1,46M","0,33%"
"19.10.2018","1.454,60","1.454,41","1.470,37","1.451,52","2,65M","0,07%"
"18.10.2018","1.453,54","1.449,60","1.457,68","1.428,43","2,55M","0,27%"
"17.10.2018","1.449,60","1.444,31","1.461,14","1.423,63","1,38M","0,37%"
"16.10.2018","1.444,31","1.467,10","1.519,82","1.424,59","1,95M","-1,55%"
"12.10.2018","1.467,10","1.491,92","1.509,24","1.444,79","982,66K","-1,53%"
"11.10.2018","1.489,90","1.491,73","1.503,46","1.418,82","1,92M","-0,12%"
"10.10.2018","1.491,73","1.522,03","1.519,91","1.467,97","2,61M","-1,99%"
"09.10.2018","1.522,03","1.541,56","1.554,44","1.515,97","745,22K","-1,27%"
"08.10.2018","1.541,56","1.493,36","1.552,52","1.520,78","6,39M","3,23%"
"05.10.2018","1.493,36","1.500,58","1.543,86","1.482,30","2,01M","-0,06%"
"04.10.2018","1.494,23","1.516,06","1.528,18","1.481,44","1,95M","-1,44%"
"03.10.2018","1.516,06","1.508,47","1.538,96","1.508,47","2,55M","0,50%"
"02.10.2018","1.508,47","1.497,69","1.514,91","1.491,92","3,83M","0,75%"
"01.10.2018","1.497,31","1.504,23","1.530,40","1.473,64","2,03M","-0,46%"
"28.09.2018","1.504,23","1.520,87","1.520,87","1.493,84","3,14M","-1,09%"
"27.09.2018","1.520,87","1.532,71","1.539,05","1.512,12","1,95M","-0,77%"
"26.09.2018","1.532,71","1.561,85","1.566,95","1.521,74","2,14M","-1,87%"
"25.09.2018","1.561,85","1.572,43","1.567,91","1.524,63","2,26M","-0,67%"
"24.09.2018","1.572,43","1.589,65","1.589,07","1.554,06","2,20M","-1,08%"
"21.09.2018","1.589,65","1.565,03","1.620,82","1.529,44","8,75M","2,13%"
"20.09.2018","1.556,56","1.526,55","1.577,53","1.537,13","2,93M","1,97%"
"14.09.2018","1.526,55","1.536,65","1.539,25","1.519,82","1,30M","-0,66%"
"13.09.2018","1.536,65","1.507,02","1.538,96","1.500,58","3,87M","1,97%"
"12.09.2018","1.507,02","1.458,35","1.515,39","1.457,39","2,13M","3,34%"
"11.09.2018","1.458,35","1.446,04","1.478,45","1.423,91","1,22M","0,85%"
"10.09.2018","1.446,04","1.468,45","1.490,67","1.414,20","1,34M","-1,53%"
"07.09.2018","1.468,45","1.463,06","1.481,24","1.456,52","2,00M","0,34%"
"06.09.2018","1.463,54","1.457,39","1.485,09","1.456,43","2,06M","0,49%"
"05.09.2018","1.456,43","1.462,87","1.485,19","1.448,06","5,76M","-0,44%"
"04.09.2018","1.462,87","1.524,82","1.524,82","1.447,87","9,32M","-4,06%"
"03.09.2018","1.524,82","1.548,67","1.558,39","1.521,84","1,53M","-1,77%"
"31.08.2018","1.552,23","1.523,57","1.616,01","1.495,77","7,80M","1,88%"
"30.08.2018","1.523,57","1.556,85","1.555,41","1.496,73","8,42M","-2,14%"
"29.08.2018","1.556,85","1.588,59","1.591,96","1.545,88","3,15M","-2,00%"
"28.08.2018","1.588,59","1.606,10","1.605,43","1.583,30","1,67M","-1,09%"
"27.08.2018","1.606,10","1.593,79","1.616,01","1.594,36","1,72M","0,77%"
"24.08.2018","1.593,79","1.595,52","1.619,57","1.579,45","975,13K","-0,11%"
"23.08.2018","1.595,52","1.585,61","1.596,77","1.577,53","855,72K","0,62%"
"22.08.2018","1.585,61","1.557,62","1.610,24","1.548,67","2,46M","1,80%"
"21.08.2018","1.557,62","1.560,70","1.574,64","1.550,69","3,13M","-0,17%"
"20.08.2018","1.560,31","1.542,90","1.576,57","1.539,25","1,96M","1,13%"
"17.08.2018","1.542,90","1.558,87","1.577,53","1.539,15","3,05M","-1,02%"
"16.08.2018","1.558,87","1.558,29","1.577,43","1.545,21","2,04M","0,03%"
"14.08.2018","1.558,39","1.540,11","1.572,72","1.540,02","2,56M","1,19%"
"13.08.2018","1.540,11","1.558,97","1.558,97","1.526,93","2,72M","-4,97%"
"10.08.2018","1.620,70","1.619,90","1.630,00","1.566,00","1,20M","0,05%"
"09.08.2018","1.619,90","1.639,00","1.639,00","1.603,00","1,35M","-1,18%"
"08.08.2018","1.639,30","1.670,00","1.700,00","1.636,00","1,42M","-1,67%"
"07.08.2018","1.667,20","1.694,00","1.724,80","1.660,00","4,70M","-1,56%"
"06.08.2018","1.693,70","1.692,00","1.710,00","1.680,00","1,12M","1,07%"
"03.08.2018","1.675,80","1.707,10","1.730,00","1.672,00","3,30M","-1,34%"
"02.08.2018","1.698,60","1.670,00","1.739,90","1.651,50","2,08M","1,10%"
"01.08.2018","1.680,10","1.741,00","1.741,00","1.663,30","1,41M","-3,83%"
"31.07.2018","1.747,10","1.711,80","1.750,00","1.694,60","2,30M","2,06%"
"30.07.2018","1.711,80","1.683,80","1.722,00","1.683,80","2,92M","1,66%"
"27.07.2018","1.683,80","1.722,30","1.722,30","1.657,00","2,23M","-2,24%"
"26.07.2018","1.722,30","1.701,90","1.744,80","1.650,00","2,40M","1,20%"
"25.07.2018","1.701,90","1.694,20","1.709,90","1.670,00","1,75M","0,45%"
"24.07.2018","1.694,20","1.683,60","1.700,00","1.580,90","1,78M","0,63%"
"23.07.2018","1.683,60","1.680,40","1.685,00","1.655,00","1,68M","0,19%"
"20.07.2018","1.680,40","1.635,60","1.719,90","1.635,60","3,60M","2,74%"
"19.07.2018","1.635,60","1.605,20","1.640,00","1.600,00","3,20M","1,89%"
"18.07.2018","1.605,20","1.592,90","1.625,00","1.580,00","2,11M","0,77%"
"17.07.2018","1.592,90","1.553,00","1.624,40","1.543,80","2,25M","2,57%"
"13.07.2018","1.553,00","1.568,00","1.579,90","1.550,10","1,89M","-0,96%"
"12.07.2018","1.568,00","1.584,40","1.598,80","1.555,20","1,47M","-1,04%"
"11.07.2018","1.584,40","1.572,60","1.599,00","1.540,00","3,44M","0,75%"
"10.07.2018","1.572,60","1.520,30","1.588,00","1.525,00","3,21M","3,44%"
"09.07.2018","1.520,30","1.534,60","1.547,90","1.508,00","1,59M","-0,93%"
"06.07.2018","1.534,60","1.543,80","1.565,00","1.526,00","2,33M","-0,60%"
"05.07.2018","1.543,80","1.545,00","1.573,80","1.502,00","1,79M","-0,01%"
"04.07.2018","1.544,00","1.560,00","1.560,00","1.540,00","2,97M","-0,85%"
"03.07.2018","1.557,20","1.610,20","1.615,00","1.525,20","2,46M","-3,29%"
"29.06.2018","1.610,20","1.604,40","1.618,70","1.585,00","5,80M","0,36%"
"28.06.2018","1.604,40","1.614,20","1.620,00","1.600,10","1,94M","-0,61%"
"27.06.2018","1.614,20","1.615,70","1.671,60","1.600,00","4,68M","-0,09%"
"26.06.2018","1.615,70","1.621,00","1.638,00","1.612,40","1,81M","-0,84%"
"25.06.2018","1.629,40","1.660,10","1.669,50","1.625,40","2,87M","-2,38%"
"22.06.2018","1.669,10","1.684,20","1.699,40","1.650,10","2,23M","-0,90%"
"21.06.2018","1.684,20","1.686,10","1.740,00","1.670,00","3,36M","-0,11%"
"20.06.2018","1.686,10","1.685,20","1.729,60","1.676,10","2,19M","0,05%"
"19.06.2018","1.685,20","1.670,10","1.740,00","1.660,30","4,90M","0,10%"
"18.06.2018","1.683,60","1.731,80","1.724,90","1.670,40","4,38M","-2,78%"
"15.06.2018","1.731,80","1.725,90","1.744,60","1.690,00","5,64M","0,34%"
"14.06.2018","1.725,90","1.754,80","1.760,00","1.705,00","5,71M","-1,65%"
"13.06.2018","1.754,80","1.763,00","1.779,90","1.730,00","4,84M","-0,47%"
"12.06.2018","1.763,00","1.755,60","1.780,00","1.741,00","4,08M","0,42%"
"11.06.2018","1.755,60","1.727,40","1.760,00","1.725,00","2,61M","1,63%"
"08.06.2018","1.727,40","1.705,70","1.734,70","1.688,60","3,20M","1,27%"
"07.06.2018","1.705,70","1.705,00","1.717,90","1.687,50","7,14M","0,61%"
"06.06.2018","1.695,30","1.704,60","1.706,00","1.665,00","2,97M","-0,55%"
"05.06.2018","1.704,60","1.715,50","1.720,20","1.690,00","2,55M","-0,64%"
"04.06.2018","1.715,50","1.668,00","1.744,70","1.668,00","2,54M","2,85%"
"01.06.2018","1.668,00","1.673,40","1.715,00","1.660,10","2,38M","-0,32%"
"31.05.2018","1.673,40","1.689,50","1.720,00","1.668,90","6,78M","-0,95%"
"30.05.2018","1.689,50","1.660,00","1.715,00","1.660,00","2,61M","2,02%"
"29.05.2018","1.656,00","1.703,70","1.710,00","1.628,00","3,80M","-2,80%"
"28.05.2018","1.703,70","1.716,00","1.725,00","1.700,60","3,17M","-2,05%"
"25.05.2018","1.739,30","1.718,70","1.783,00","1.715,00","2,28M","1,20%"
"24.05.2018","1.718,70","1.734,90","1.741,90","1.705,00","870,60K","-0,93%"
"23.05.2018","1.734,90","1.740,60","1.748,70","1.725,00","7,05M","-0,33%"
"22.05.2018","1.740,60","1.738,30","1.768,00","1.702,00","2,48M","0,13%"
"18.05.2018","1.738,30","1.755,20","1.754,80","1.720,00","4,12M","-0,96%"
"17.05.2018","1.755,20","1.753,30","1.761,60","1.752,00","1,66M","0,11%"
"16.05.2018","1.753,30","1.769,30","1.774,00","1.750,00","1,29M","-0,90%"
"15.05.2018","1.769,30","1.758,20","1.789,90","1.745,00","3,66M","1,04%"
"14.05.2018","1.751,10","1.745,70","1.765,00","1.741,40","2,62M","0,31%"
"11.05.2018","1.745,70","1.766,80","1.768,90","1.745,00","3,03M","-0,83%"
"10.05.2018","1.760,30","1.756,20","1.770,00","1.755,00","5,08M","0,23%"
"09.05.2018","1.756,20","1.784,90","1.784,90","1.750,10","4,89M","-1,93%"
"08.05.2018","1.790,80","1.800,00","1.800,00","1.778,00","10,25M","-0,32%"
"07.05.2018","1.796,50","1.791,70","1.809,50","1.791,70","2,13M","0,27%"
"04.05.2018","1.791,60","1.811,20","1.811,00","1.790,10","4,79M","-1,08%"
"03.05.2018","1.811,20","1.825,60","1.821,00","1.805,20","9,36M","-0,79%"
"02.05.2018","1.825,60","1.821,90","1.835,00","1.815,00","2,62M","0,20%"
"30.04.2018","1.821,90","1.818,00","1.833,50","1.816,00","3,28M","0,25%"
"27.04.2018","1.817,30","1.834,00","1.834,00","1.810,10","3,41M","-0,23%"
"26.04.2018","1.821,50","1.813,20","1.850,00","1.811,00","1,69M","0,46%"
"25.04.2018","1.813,20","1.832,60","1.832,60","1.808,00","6,48M","-1,06%"
"24.04.2018","1.832,60","1.847,50","1.848,80","1.830,00","1,87M","-0,81%"
"23.04.2018","1.847,50","1.846,70","1.849,90","1.835,00","1,12M","0,04%"
"20.04.2018","1.846,70","1.843,80","1.859,90","1.832,10","962,06K","0,16%"
"19.04.2018","1.843,80","1.847,30","1.850,00","1.836,90","1,71M","-0,19%"
"18.04.2018","1.847,30","1.844,50","1.860,00","1.832,20","2,32M","0,15%"
"17.04.2018","1.844,50","1.825,00","1.848,90","1.825,00","2,69M","0,12%"
"16.04.2018","1.842,30","1.846,80","1.846,50","1.835,00","847,63K","-0,24%"
"13.04.2018","1.846,80","1.838,00","1.855,00","1.830,00","3,86M","-0,53%"
"12.04.2018","1.856,60","1.843,70","1.864,00","1.840,00","1,71M","0,70%"
"11.04.2018","1.843,70","1.845,00","1.845,00","1.835,00","1,82M","-0,12%"
"10.04.2018","1.846,00","1.836,50","1.850,00","1.836,50","2,29M","0,46%"
"09.04.2018","1.837,50","1.820,00","1.846,10","1.810,00","3,30M","0,45%"
"06.04.2018","1.829,30","1.834,20","1.839,50","1.810,00","2,22M","-0,27%"
"05.04.2018","1.834,20","1.840,90","1.865,00","1.824,00","4,25M","-0,32%"
"04.04.2018","1.840,00","1.838,80","1.846,00","1.815,80","3,61M","0,07%"
"03.04.2018","1.838,80","1.834,70","1.845,00","1.830,00","3,33M","0,22%"
"02.04.2018","1.834,70","1.848,00","1.849,20","1.821,00","6,06M","-0,72%"
"29.03.2018","1.848,00","1.804,30","1.850,00","1.804,30","1,38M","1,40%"
"28.03.2018","1.822,50","1.825,00","1.835,00","1.813,00","1,41M","0,38%"
"27.03.2018","1.815,60","1.818,20","1.825,00","1.802,00","1,53M","-0,07%"
"26.03.2018","1.816,80","1.816,70","1.838,00","1.806,00","2,12M","0,01%"
"23.03.2018","1.816,70","1.810,10","1.838,40","1.809,20","1,09M","-0,19%"
"22.03.2018","1.820,10","1.826,60","1.839,10","1.813,00","3,95M","-0,36%"
"21.03.2018","1.826,60","1.830,00","1.830,10","1.816,00","1,12M","0,00%"
"20.03.2018","1.826,60","1.847,90","1.843,70","1.820,00","1,07M","-1,15%"
"19.03.2018","1.847,90","1.836,70","1.850,00","1.830,00","1,82M","0,61%"
"16.03.2018","1.836,70","1.819,00","1.849,90","1.815,00","3,68M","0,97%"
"15.03.2018","1.819,00","1.842,50","1.847,00","1.816,00","1,73M","-1,28%"
"14.03.2018","1.842,50","1.849,60","1.850,10","1.836,00","745,79K","-0,38%"
"13.03.2018","1.849,60","1.850,20","1.854,50","1.845,00","3,84M","-0,03%"
"12.03.2018","1.850,20","1.855,00","1.855,10","1.842,00","2,32M","-0,26%"
"09.03.2018","1.855,10","1.842,50","1.859,00","1.836,00","3,61M","0,68%"
"08.03.2018","1.842,50","1.841,80","1.859,90","1.829,00","1,71M","0,04%"
"07.03.2018","1.841,80","1.838,60","1.850,10","1.815,60","3,33M","0,17%"
"06.03.2018","1.838,60","1.878,00","1.878,00","1.826,00","1,37M","-0,94%"
"05.03.2018","1.856,00","1.849,60","1.860,30","1.831,40","3,15M","0,35%"
"02.03.2018","1.849,60","1.807,90","1.849,90","1.800,00","1,50M","2,31%"
"01.03.2018","1.807,90","1.808,00","1.823,00","1.800,00","3,06M","-0,05%"
"28.02.2018","1.808,80","1.812,20","1.820,00","1.800,00","3,53M","-0,19%"
"27.02.2018","1.812,20","1.809,90","1.824,10","1.808,00","4,80M","0,13%"
"26.02.2018","1.809,90","1.815,50","1.835,00","1.805,10","1,34M","-0,31%"
"23.02.2018","1.815,50","1.821,00","1.835,00","1.810,00","1,85M","-0,21%"
"22.02.2018","1.819,40","1.811,50","1.843,90","1.811,00","5,20M","0,44%"
"21.02.2018","1.811,50","1.805,40","1.820,00","1.800,00","2,38M","0,34%"
"20.02.2018","1.805,40","1.806,00","1.809,00","1.780,00","3,48M","-0,03%"
"19.02.2018","1.806,00","1.804,00","1.819,80","1.795,00","605,56K","0,11%"
"16.02.2018","1.804,00","1.809,70","1.831,90","1.799,90","1,52M","-0,31%"
"15.02.2018","1.809,70","1.808,50","1.830,00","1.801,10","1,20M","0,07%"
"14.02.2018","1.808,50","1.803,00","1.820,00","1.790,20","1,53M","0,31%"
"13.02.2018","1.803,00","1.810,00","1.822,90","1.782,00","7,49M","-0,39%"
"12.02.2018","1.810,00","1.810,00","1.835,00","1.802,00","7,02M","0,00%"
"09.02.2018","1.810,00","1.825,30","1.870,00","1.800,10","2,52M","-0,84%"
"08.02.2018","1.825,30","1.851,00","1.862,00","1.822,00","1,74M","-1,39%"
"07.02.2018","1.851,00","1.845,60","1.879,10","1.821,50","5,47M","0,29%"
"06.02.2018","1.845,60","1.850,00","1.869,70","1.820,00","8,80M","-0,67%"
"05.02.2018","1.858,10","1.870,30","1.890,00","1.850,10","3,08M","-0,65%"
"02.02.2018","1.870,30","1.881,00","1.884,80","1.857,10","2,41M","-0,99%"
"01.02.2018","1.889,00","1.883,30","1.895,00","1.855,00","5,59M","0,30%"
"31.01.2018","1.883,30","1.874,00","1.890,00","1.875,00","3,54M","0,50%"
"30.01.2018","1.874,00","1.885,80","1.890,00","1.868,10","5,56M","-0,63%"
"29.01.2018","1.885,80","1.898,30","1.905,00","1.875,30","4,21M","-0,66%"
"26.01.2018","1.898,30","1.892,10","1.909,90","1.890,00","2,89M","0,33%"
"25.01.2018","1.892,10","1.901,00","1.919,00","1.881,00","4,30M","-0,49%"
"24.01.2018","1.901,50","1.907,40","1.920,00","1.896,00","8,42M","-0,31%"
"23.01.2018","1.907,40","1.910,00","1.915,00","1.898,00","7,44M","-0,39%"
"22.01.2018","1.914,90","1.927,60","1.930,00","1.897,00","8,03M","-0,66%"
"19.01.2018","1.927,60","1.920,00","1.942,00","1.910,90","6,71M","0,99%"
"18.01.2018","1.908,70","1.881,30","1.916,50","1.870,00","11,17M","1,46%"
"17.01.2018","1.881,30","1.880,20","1.907,10","1.862,00","7,39M","0,06%"
"15.01.2018","1.880,20","1.870,20","1.890,00","1.875,00","648,92K","0,53%"
"12.01.2018","1.870,20","1.874,50","1.890,00","1.852,40","4,33M","-0,23%"
"11.01.2018","1.874,50","1.870,00","1.879,00","1.854,90","5,22M","0,25%"
"10.01.2018","1.869,90","1.891,90","1.900,00","1.855,00","3,76M","-1,16%"
"09.01.2018","1.891,90","1.878,30","1.905,00","1.861,00","3,43M","0,72%"
"08.01.2018","1.878,30","1.866,60","1.894,90","1.850,00","3,83M","0,63%"
"05.01.2018","1.866,60","1.850,00","1.874,90","1.845,00","1,62M","0,85%"
"04.01.2018","1.850,80","1.872,00","1.880,00","1.841,00","3,70M","-1,13%"
"03.01.2018","1.872,00","1.830,00","1.880,10","1.820,00","5,20M","2,03%"
"02.01.2018","1.834,70","1.816,90","1.850,00","1.803,40","2,06M","0,98%"
"29.12.2017","1.816,90","1.797,30","1.825,00","1.797,30","1,43M","1,09%"
"28.12.2017","1.797,30","1.795,00","1.805,00","1.782,00","3,80M","0,10%"
"27.12.2017","1.795,50","1.800,60","1.814,90","1.785,50","2,22M","-0,28%"
"26.12.2017","1.800,60","1.800,00","1.825,00","1.800,00","4,27M","-0,30%"
"22.12.2017","1.806,00","1.796,80","1.849,00","1.796,00","1,61M","0,51%"
"21.12.2017","1.796,80","1.828,30","1.839,90","1.780,00","3,06M","-1,72%"
"20.12.2017","1.828,30","1.866,60","1.866,60","1.811,00","2,04M","-2,05%"
"19.12.2017","1.866,60","1.879,00","1.879,00","1.835,00","6,87M","0,66%"
"18.12.2017","1.854,40","1.850,00","1.899,00","1.728,00","16,01M","8,48%"
"15.12.2017","1.709,50","1.658,50","1.739,00","1.654,00","8,31M","3,08%"
"14.12.2017","1.658,50","1.690,00","1.699,90","1.655,00","4,92M","-1,91%"
"13.12.2017","1.690,80","1.625,00","1.717,80","1.623,00","15,75M","4,02%"
"12.12.2017","1.625,40","1.581,00","1.650,00","1.590,00","9,17M","2,81%"
"11.12.2017","1.581,00","1.568,60","1.620,00","1.570,00","5,51M","0,79%"
"07.12.2017","1.568,60","1.591,50","1.600,00","1.551,10","2,12M","-1,44%"
"06.12.2017","1.591,50","1.600,00","1.609,00","1.574,00","3,16M","-0,53%"
"05.12.2017","1.600,00","1.672,50","1.672,00","1.595,10","3,28M","-4,33%"
"04.12.2017","1.672,50","1.620,20","1.684,90","1.625,10","3,73M","3,23%"
"01.12.2017","1.620,20","1.586,10","1.630,00","1.575,00","1,98M","2,15%"
"30.11.2017","1.586,10","1.570,00","1.650,00","1.540,00","7,56M","1,20%"
"29.11.2017","1.567,30","1.615,20","1.625,00","1.565,00","3,20M","-2,73%"
"28.11.2017","1.611,30","1.639,10","1.650,00","1.603,00","3,47M","-1,70%"
"27.11.2017","1.639,10","1.654,80","1.655,00","1.621,00","3,15M","-0,95%"
"24.11.2017","1.654,80","1.653,20","1.680,00","1.652,00","3,44M","0,10%"
"23.11.2017","1.653,20","1.678,00","1.698,00","1.640,00","4,12M","-1,48%"
"22.11.2017","1.678,00","1.729,90","1.730,00","1.671,90","4,21M","-3,00%"
"21.11.2017","1.729,90","1.701,10","1.745,00","1.695,00","3,11M","1,73%"
"20.11.2017","1.700,50","1.790,00","1.790,00","1.691,00","8,31M","-5,97%"
"17.11.2017","1.808,40","1.762,90","1.814,90","1.759,90","5,64M","2,58%"
"16.11.2017","1.762,90","1.735,60","1.800,10","1.735,60","5,27M","-0,30%"
"15.11.2017","1.768,20","1.784,40","1.789,90","1.752,00","3,32M","-0,91%"
"14.11.2017","1.784,40","1.790,90","1.798,00","1.780,50","2,91M","-0,36%"
"13.11.2017","1.790,90","1.820,00","1.820,00","1.779,00","4,06M","-0,33%"
"10.11.2017","1.796,90","1.822,60","1.835,00","1.791,00","1,91M","-1,41%"
"09.11.2017","1.822,60","1.866,10","1.876,10","1.790,00","9,46M","-2,33%"
"08.11.2017","1.866,10","1.899,00","1.905,00","1.857,50","5,11M","-2,18%"
"07.11.2017","1.907,70","1.924,60","1.924,00","1.901,10","1,22M","-0,88%"
"06.11.2017","1.924,60","1.889,20","1.928,90","1.890,40","2,22M","1,87%"
"03.11.2017","1.889,20","1.890,00","1.900,00","1.882,10","1,67M","-0,04%"
"02.11.2017","1.890,00","1.905,10","1.920,00","1.881,00","1,89M","-0,79%"
"31.10.2017","1.905,10","1.905,20","1.921,00","1.892,70","2,97M","-0,45%"
"30.10.2017","1.913,80","1.930,00","1.930,00","1.900,30","6,97M","0,85%"
"26.10.2017","1.897,60","1.887,10","1.905,20","1.888,10","2,30M","0,56%"
"25.10.2017","1.887,10","1.902,80","1.902,80","1.885,00","3,04M","-0,83%"
"24.10.2017","1.902,80","1.925,00","1.925,90","1.900,00","3,17M","-0,96%"
"23.10.2017","1.921,30","1.899,90","1.929,00","1.905,00","4,12M","1,13%"
"20.10.2017","1.899,90","1.904,00","1.910,00","1.896,00","5,16M","-0,26%"
"19.10.2017","1.904,90","1.920,00","1.920,00","1.902,00","1,74M","-0,95%"
"18.10.2017","1.923,20","1.912,30","1.935,00","1.908,00","3,02M","0,57%"
"17.10.2017","1.912,30","1.916,70","1.925,00","1.910,00","2,33M","-0,23%"
"16.10.2017","1.916,70","1.914,20","1.938,00","1.905,90","3,53M","0,13%"
"13.10.2017","1.914,20","1.911,00","1.920,00","1.906,00","1,86M","0,03%"
"12.10.2017","1.913,60","1.917,10","1.919,90","1.906,00","6,00M","-0,18%"
"11.10.2017","1.917,10","1.919,90","1.924,70","1.902,00","5,42M","-0,15%"
"10.10.2017","1.919,90","1.922,50","1.925,00","1.915,10","3,72M","-0,14%"
"06.10.2017","1.922,50","1.934,30","1.935,10","1.911,20","4,30M","-0,61%"
"05.10.2017","1.934,30","1.970,10","1.980,00","1.931,10","4,18M","-1,49%"
"04.10.2017","1.963,50","1.959,40","1.975,10","1.955,10","4,34M","0,21%"
"03.10.2017","1.959,40","1.950,70","1.990,00","1.950,70","8,21M","0,45%"
"02.10.2017","1.950,70","1.956,60","1.959,10","1.920,00","3,08M","-0,30%"